studid,school,sex,age,address,famsize,Pstatus,Medu,Fedu,Mjob=at_home,Mjob=health,Mjob=other,Mjob=services,Mjob=teacher,Fjob=teacher,Fjob=other,Fjob=services,Fjob=health,Fjob=at_home,reason=course,reason=other,reason=home,reason=reputation,guardian=mother,guardian=father,guardian=other,traveltime,failures,schoolsup,famsup,nursery,famrel,health,internet,activities,higher,romantic,freetime,goout,Dalc,Walc,absences,studytime,paid,bad_grade
1,0,0,18,0,0,0,4,4,1,0,0,0,0,1,0,0,0,0,1,0,0,0,1,0,0,2,0,0,0,0,4,3,0,0,0,0,3,4,1,1,4,2,0,1
2,0,0,17,0,0,1,1,1,1,0,0,0,0,0,1,0,0,0,1,0,0,0,0,1,0,1,0,1,1,1,5,3,1,0,0,0,3,3,1,1,2,2,0,1
3,0,0,15,0,1,1,1,1,1,0,0,0,0,0,1,0,0,0,0,1,0,0,1,0,0,1,0,0,0,0,4,3,1,0,0,0,3,2,2,3,6,2,0,1
4,0,0,15,0,0,1,4,2,0,1,0,0,0,0,0,1,0,0,0,0,1,0,1,0,0,1,0,1,1,0,3,5,1,1,0,1,2,2,1,1,0,3,0,0
5,0,0,16,0,0,1,3,3,0,0,1,0,0,0,1,0,0,0,0,0,1,0,0,1,0,1,0,1,1,0,4,5,0,0,0,0,3,2,1,2,0,2,0,1
6,0,1,16,0,1,1,4,3,0,0,0,1,0,0,1,0,0,0,0,0,0,1,1,0,0,1,0,1,1,0,5,5,1,1,0,0,4,2,1,2,6,2,0,1
7,0,1,16,0,1,1,2,2,0,0,1,0,0,0,1,0,0,0,0,0,1,0,1,0,0,1,0,1,0,0,4,3,1,0,0,0,4,4,1,1,0,2,0,1
8,0,0,17,0,0,0,4,4,0,0,1,0,0,1,0,0,0,0,0,0,1,0,1,0,0,2,0,0,1,0,4,1,0,0,0,0,1,4,1,1,2,2,0,1
9,0,1,15,0,1,0,3,2,0,0,0,1,0,0,1,0,0,0,0,0,1,0,1,0,0,1,0,1,1,0,4,1,1,0,0,0,2,2,1,1,0,2,0,0
10,0,1,15,0,0,1,3,4,0,0,1,0,0,0,1,0,0,0,0,0,1,0,1,0,0,1,0,1,1,0,5,5,1,1,0,0,5,1,1,1,0,2,0,1
11,0,0,15,0,0,1,4,4,0,0,0,0,1,0,0,0,1,0,0,0,0,1,1,0,0,1,0,1,1,0,3,2,1,0,0,0,3,3,1,2,2,2,0,0
12,0,0,15,0,0,1,2,1,0,0,0,1,0,0,1,0,0,0,0,0,0,1,0,1,0,3,0,1,1,0,5,4,1,1,0,0,2,2,1,1,0,3,0,1
13,0,1,15,0,1,1,4,4,0,1,0,0,0,0,0,1,0,0,1,0,0,0,0,1,0,1,0,1,1,0,4,5,1,1,0,0,3,3,1,3,0,1,0,1
14,0,1,15,0,0,1,4,3,0,0,0,0,1,0,1,0,0,0,1,0,0,0,1,0,0,2,0,1,1,0,5,3,1,0,0,0,4,3,1,2,0,2,0,1
15,0,1,15,0,0,0,2,2,0,0,1,0,0,0,1,0,0,0,0,0,1,0,0,0,1,1,0,1,1,0,4,3,1,0,0,1,5,2,1,1,0,3,0,0
16,0,0,16,0,0,1,4,4,0,1,0,0,0,0,1,0,0,0,0,0,1,0,1,0,0,1,0,1,1,0,4,2,1,0,0,0,4,4,1,2,6,1,0,0
17,0,0,16,0,0,1,4,4,0,0,0,1,0,0,0,1,0,0,0,0,0,1,1,0,0,1,0,1,1,0,3,2,1,1,0,0,2,3,1,2,10,3,0,0
18,0,0,16,0,0,1,3,3,0,0,1,0,0,0,1,0,0,0,0,0,0,1,1,0,0,3,0,0,1,0,5,4,0,1,0,0,3,2,1,1,2,2,0,0
19,0,1,17,0,0,1,3,2,0,0,0,1,0,0,0,1,0,0,1,0,0,0,1,0,0,1,3,1,1,0,5,5,1,1,0,0,5,5,2,4,2,1,1,1
20,0,1,16,0,1,1,4,3,0,1,0,0,0,0,1,0,0,0,0,0,1,0,0,1,0,1,0,1,0,0,3,5,1,1,0,0,1,3,1,3,6,1,0,1
21,0,1,15,0,0,1,4,3,0,0,0,0,1,0,1,0,0,0,0,0,0,1,1,0,0,1,0,1,0,0,4,1,1,0,0,0,4,1,1,1,0,2,0,0
22,0,1,15,0,0,1,4,4,0,1,0,0,0,0,0,0,1,0,0,1,0,0,0,1,0,1,0,1,1,0,5,5,1,0,0,0,4,2,1,1,0,1,1,1
23,0,1,16,0,1,1,4,2,0,0,0,0,1,0,1,0,0,0,1,0,0,0,1,0,0,1,0,1,0,0,4,5,1,1,0,0,5,1,1,3,0,2,0,0
24,0,1,16,0,1,1,2,2,0,0,1,0,0,0,1,0,0,0,0,0,0,1,1,0,0,2,0,1,1,0,5,5,1,1,0,0,4,4,2,4,2,2,0,1
25,0,0,15,1,0,1,2,4,0,0,0,1,0,0,0,0,1,0,1,0,0,0,1,0,0,1,0,0,1,0,4,5,1,1,0,0,3,2,1,1,2,3,0,1
26,0,0,16,0,0,1,2,2,0,0,0,1,0,0,0,1,0,0,0,0,1,0,1,0,0,1,0,1,1,1,1,5,1,0,0,0,2,2,1,3,6,1,0,1
27,0,1,15,0,0,1,2,2,0,0,1,0,0,0,1,0,0,0,0,0,1,0,1,0,0,1,0,1,1,0,4,5,1,0,0,0,2,2,1,2,8,1,0,1
28,0,1,15,0,0,1,4,2,0,1,0,0,0,0,0,1,0,0,0,1,0,0,1,0,0,1,0,1,0,0,2,1,1,0,0,0,2,4,2,4,0,1,0,1
29,0,1,16,0,1,0,3,4,0,0,0,1,0,0,1,0,0,0,0,0,1,0,1,0,0,1,0,0,1,0,5,5,1,1,0,0,3,3,1,1,2,2,1,1
30,0,1,16,0,0,1,4,4,0,0,0,0,1,1,0,0,0,0,0,0,1,0,1,0,0,1,0,1,1,0,4,5,1,1,0,1,4,5,5,5,4,2,1,1
31,0,1,15,0,0,1,4,4,0,1,0,0,0,0,0,1,0,0,0,0,1,0,1,0,0,1,0,1,1,1,5,5,1,0,0,0,4,2,3,4,0,2,1,1
32,0,1,15,0,0,1,4,4,0,0,0,1,0,0,0,1,0,0,0,0,0,1,1,0,0,2,0,1,1,0,4,5,1,1,0,0,3,1,1,1,2,2,0,0
33,0,1,15,1,0,1,4,3,0,0,0,0,1,0,0,0,0,1,1,0,0,0,1,0,0,1,0,1,1,0,4,5,1,1,0,1,5,2,1,1,0,2,0,0
34,0,1,15,0,1,1,3,3,0,0,1,0,0,0,1,0,0,0,1,0,0,0,1,0,0,1,0,1,0,1,5,2,1,1,0,0,3,2,1,1,0,2,0,1
35,0,1,16,0,0,1,3,2,0,0,1,0,0,0,1,0,0,0,0,0,1,0,1,0,0,1,0,1,1,1,5,5,1,0,0,0,4,3,1,1,4,1,0,1
36,0,0,15,0,0,1,2,3,0,0,1,0,0,0,1,0,0,0,0,1,0,0,0,1,0,2,0,1,1,0,3,5,0,1,0,0,5,1,1,1,4,1,0,1
37,0,1,15,0,1,1,4,3,0,0,0,0,1,0,0,1,0,0,0,0,1,0,1,0,0,1,0,1,1,0,5,4,1,1,0,0,4,3,1,1,0,3,0,0
38,0,1,16,1,0,0,4,4,0,0,1,0,0,1,0,0,0,0,0,0,0,1,1,0,0,2,0,1,1,0,2,5,1,1,0,1,4,3,1,1,4,3,0,1
39,0,0,15,1,0,1,3,4,0,0,0,1,0,0,0,0,1,0,1,0,0,0,1,0,0,1,0,0,1,0,4,5,1,1,0,0,3,2,1,1,2,3,0,1
40,0,0,15,1,0,1,2,2,1,0,0,0,0,0,1,0,0,0,0,0,0,1,1,0,0,1,0,0,1,0,4,2,0,1,0,0,3,1,1,1,8,1,0,1
41,0,0,16,0,1,1,2,2,0,0,1,0,0,0,1,0,0,0,0,0,1,0,1,0,0,2,0,1,1,1,3,3,1,1,0,1,3,3,1,2,16,2,0,1
42,0,1,15,0,1,1,4,4,0,0,0,0,1,0,1,0,0,0,0,0,1,0,0,0,1,1,0,1,1,1,5,5,1,0,0,1,4,3,2,4,8,1,0,1
43,0,1,15,0,0,1,4,4,0,0,0,1,0,1,0,0,0,0,1,0,0,0,0,1,0,1,0,1,1,0,4,5,1,1,0,0,3,3,1,1,0,2,0,0
44,0,1,15,0,0,1,2,2,0,0,0,1,0,0,0,1,0,0,1,0,0,0,0,1,0,1,0,0,1,0,5,1,1,0,0,0,4,1,1,1,0,1,0,1
45,0,0,16,0,1,1,2,2,0,0,1,0,0,0,0,0,0,1,1,0,0,0,0,1,0,2,1,0,0,0,4,5,1,1,0,0,3,3,2,2,14,2,0,1
46,0,0,15,0,1,0,4,3,0,0,1,0,0,0,1,0,0,0,1,0,0,0,1,0,0,1,0,0,1,0,5,5,1,1,0,1,2,2,1,1,4,2,1,1
47,0,0,16,0,1,0,3,3,0,0,1,0,0,0,0,1,0,0,0,0,1,0,1,0,0,1,0,1,1,0,2,3,1,0,0,0,3,5,1,4,6,2,0,1
48,0,1,16,0,0,1,4,3,0,1,0,0,0,0,0,1,0,0,0,0,0,1,1,0,0,1,0,1,0,0,4,2,1,1,0,0,2,2,1,1,2,4,0,0
49,0,1,15,0,0,1,4,2,0,0,0,0,1,0,1,0,0,0,0,0,1,0,1,0,0,1,0,1,1,0,4,5,0,0,0,0,3,3,2,2,4,2,0,1
50,0,0,15,0,0,1,4,4,0,0,0,1,0,1,0,0,0,0,0,1,0,0,0,1,0,1,0,0,1,1,4,3,1,1,0,0,4,4,1,1,2,2,0,1
51,0,0,16,0,1,1,2,2,0,0,0,1,0,0,0,1,0,0,1,0,0,0,1,0,0,3,0,1,1,0,4,4,1,0,0,0,3,3,2,3,0,2,0,1
52,0,0,15,0,1,1,4,2,0,1,0,0,0,0,1,0,0,0,0,1,0,0,1,0,0,1,0,1,1,0,4,5,1,0,0,0,3,3,1,1,0,2,0,0
53,0,1,15,0,1,0,4,2,0,1,0,0,0,0,0,0,1,0,0,1,0,0,0,1,0,2,0,1,0,0,5,5,0,0,0,0,5,5,3,4,4,1,0,1
54,0,0,15,0,0,1,4,4,0,0,0,1,0,0,0,1,0,0,1,0,0,0,1,0,0,1,0,0,1,0,3,5,1,0,0,0,3,4,2,3,0,1,0,1
55,0,0,15,0,1,0,3,3,0,0,1,0,0,0,1,0,0,0,0,1,0,0,1,0,0,1,0,1,0,0,5,1,1,0,0,0,3,4,4,4,0,1,0,1
56,0,0,16,0,0,0,2,1,0,0,1,0,0,0,1,0,0,0,0,1,0,0,1,0,0,1,0,1,0,0,5,2,1,1,0,1,3,4,1,1,2,2,0,1
57,0,0,15,0,0,0,4,3,0,0,0,1,0,0,0,1,0,0,0,0,0,1,1,0,0,1,0,1,1,0,4,1,1,1,0,0,3,2,1,1,0,2,0,0
58,0,1,15,0,0,1,4,4,0,0,0,0,1,0,0,0,1,0,0,0,0,1,1,0,0,1,0,1,1,0,3,5,0,1,0,0,2,2,1,1,8,2,0,0
59,0,1,15,0,1,1,1,2,0,0,1,0,0,0,0,0,0,1,0,0,1,0,0,1,0,1,0,0,1,0,4,5,1,1,0,0,3,2,1,1,0,2,0,0
60,0,0,16,0,0,1,4,2,0,0,0,1,0,0,1,0,0,0,1,0,0,0,1,0,0,1,0,1,1,0,4,5,1,0,0,0,2,3,1,1,2,2,1,0
61,0,0,16,1,0,1,4,4,0,1,0,0,0,1,0,0,0,0,0,1,0,0,1,0,0,1,0,1,1,0,2,4,0,1,0,0,4,4,2,3,0,2,0,0
62,0,0,16,0,0,1,1,1,0,0,0,1,0,0,0,1,0,0,1,0,0,0,0,1,0,4,0,0,1,1,5,5,1,1,0,1,5,5,5,5,0,1,0,0
63,0,0,16,0,1,1,1,2,0,0,1,0,0,0,0,1,0,0,0,0,0,1,0,1,0,1,0,0,0,0,4,1,1,1,0,0,4,3,1,1,0,2,0,1
64,0,0,16,0,0,1,4,3,0,0,0,0,1,0,0,0,1,0,0,0,1,0,1,0,0,1,0,0,1,0,3,4,1,1,0,0,4,4,2,4,0,3,0,1
65,0,0,15,0,1,1,4,3,0,0,0,1,0,0,0,1,0,0,0,0,0,1,0,1,0,1,0,0,0,0,4,2,1,1,0,1,4,4,2,4,0,2,0,1
66,0,0,16,0,1,1,4,3,0,0,0,0,1,0,0,1,0,0,1,0,0,0,1,0,0,3,0,1,1,0,5,1,1,1,0,0,4,3,1,2,2,2,0,0
67,0,1,15,0,0,0,4,4,0,0,1,0,0,0,0,1,0,0,0,0,0,1,1,0,0,1,0,1,1,1,1,3,1,1,0,1,3,3,5,5,0,4,0,1
68,0,0,16,0,0,1,3,1,0,0,0,1,0,0,1,0,0,0,1,0,0,0,1,0,0,1,0,0,1,0,4,5,1,0,0,0,3,3,1,2,0,4,0,1
69,0,0,15,1,1,1,2,2,0,1,0,0,0,0,0,1,0,0,0,0,0,1,1,0,0,2,0,0,1,0,4,4,1,0,0,0,1,3,1,3,0,2,0,1
70,0,0,15,1,1,1,3,1,0,0,1,0,0,0,1,0,0,0,0,0,0,1,0,1,0,2,0,1,1,1,4,3,1,0,0,0,4,2,2,3,6,4,0,0
71,0,1,16,0,0,1,3,1,0,0,1,0,0,0,1,0,0,0,0,0,0,1,0,1,0,2,0,1,1,0,4,5,1,0,0,0,3,2,1,1,2,4,0,1
72,0,1,15,0,0,1,4,2,0,0,1,0,0,0,1,0,0,0,1,0,0,0,1,0,0,1,0,1,0,0,3,3,1,0,0,0,3,3,1,1,0,4,0,1
73,0,0,15,1,0,1,1,1,0,0,1,0,0,0,1,0,0,0,0,0,0,1,1,0,0,1,0,0,1,1,3,5,1,0,0,1,3,4,2,4,2,2,0,1
74,0,1,16,0,0,1,3,1,0,0,1,0,0,0,1,0,0,0,0,0,0,1,1,0,0,1,0,1,0,0,5,5,0,1,0,0,3,2,2,2,0,1,0,0
75,0,0,16,0,0,1,3,3,0,0,1,0,0,0,0,1,0,0,0,0,1,0,1,0,0,1,0,0,1,0,4,5,1,1,0,0,3,3,2,4,4,2,0,1
76,0,1,15,0,0,1,4,3,0,0,0,0,1,0,1,0,0,0,0,0,1,0,1,0,0,1,0,1,1,0,4,5,1,1,0,0,3,3,2,3,0,2,0,1
77,0,1,15,0,0,1,4,0,0,0,0,0,1,0,1,0,0,0,1,0,0,0,1,0,0,2,0,1,0,0,3,1,1,1,0,0,4,3,1,1,0,4,0,1
78,0,0,16,0,0,1,2,2,0,0,1,0,0,0,1,0,0,0,0,0,0,1,1,0,0,1,0,1,0,0,5,3,1,0,0,1,2,3,1,3,1,4,0,1
79,0,1,17,0,0,1,2,1,0,0,1,0,0,0,1,0,0,0,0,0,1,0,1,0,0,2,3,0,1,0,4,3,1,1,1,0,5,1,1,1,0,1,0,1
80,0,0,16,0,0,1,3,4,1,0,0,0,0,0,1,0,0,0,1,0,0,0,1,0,0,1,0,1,1,0,2,3,1,0,0,0,4,3,1,2,14,2,0,1
81,0,1,15,0,0,1,2,3,0,0,1,0,0,0,0,1,0,0,1,0,0,0,0,1,0,1,0,0,1,1,3,3,1,1,0,1,2,2,1,3,0,1,0,1
82,0,1,15,0,0,1,2,3,0,0,1,0,0,0,1,0,0,0,0,0,1,0,1,0,0,1,0,0,0,1,5,5,1,0,0,0,3,2,1,2,2,3,0,1
83,0,0,15,0,1,1,3,2,0,0,0,1,0,0,1,0,0,0,0,0,0,1,1,0,0,1,0,1,1,0,4,5,1,0,0,0,4,4,1,1,4,2,0,1
84,0,1,15,0,1,1,2,2,0,0,0,1,0,0,0,1,0,0,0,0,1,0,1,0,0,2,0,1,0,0,5,4,1,1,0,0,3,3,1,3,2,2,1,1
85,0,0,15,0,0,1,1,1,0,0,1,0,0,0,1,0,0,0,0,0,1,0,0,1,0,1,0,1,1,1,4,4,1,1,0,0,3,2,2,3,2,2,0,1
86,0,0,15,0,0,1,4,4,0,0,0,1,0,0,0,1,0,0,0,0,0,1,0,1,0,2,0,1,0,0,4,5,1,0,0,1,4,4,2,3,4,2,0,1
87,0,0,16,0,1,1,2,2,1,0,0,0,0,0,1,0,0,0,1,0,0,0,1,0,0,1,0,1,1,0,4,2,0,0,0,0,3,4,1,2,6,2,0,1
88,0,0,15,0,0,1,4,2,0,0,1,0,0,0,1,0,0,0,0,0,0,1,1,0,0,1,0,1,1,0,5,1,1,1,0,0,3,3,1,3,4,3,0,0
89,0,1,16,0,0,1,2,2,0,0,0,1,0,0,1,0,0,0,0,0,0,1,0,1,0,2,0,1,0,1,4,3,1,1,0,0,4,2,1,1,6,2,0,1
90,0,1,16,0,1,0,4,4,0,0,0,0,1,0,0,0,1,0,0,0,0,1,1,0,0,1,0,1,1,0,4,5,0,0,0,0,1,3,3,5,6,2,0,1
91,0,0,16,0,0,1,3,3,0,0,1,0,0,0,1,0,0,0,0,0,1,0,1,0,0,1,0,1,1,0,4,4,1,0,0,1,3,3,1,3,2,3,0,1
92,0,0,15,0,0,1,4,3,0,0,0,1,0,0,1,0,0,0,0,0,0,1,1,0,0,1,0,1,0,0,4,1,1,1,0,0,5,5,1,3,6,1,0,1
93,0,0,16,0,1,1,3,1,0,0,1,0,0,0,1,0,0,0,0,0,1,0,0,1,0,1,0,0,1,0,3,2,0,0,0,0,3,3,2,3,0,2,0,1
94,0,0,16,0,0,1,4,2,0,0,0,0,1,0,0,1,0,0,0,0,1,0,1,0,0,2,0,1,1,0,5,1,1,1,0,0,3,3,1,1,2,2,0,0
95,0,1,15,0,1,1,2,2,0,0,0,1,0,0,0,0,1,0,0,0,0,1,1,0,0,1,0,1,1,0,4,4,1,1,0,0,3,4,1,1,2,4,0,1
96,0,0,15,1,0,1,1,1,1,0,0,0,0,0,1,0,0,0,0,0,1,0,1,0,0,2,0,0,1,0,3,1,1,1,0,0,1,2,1,1,4,4,1,1
97,0,1,16,1,0,1,4,3,0,0,0,1,0,0,1,0,0,0,0,0,0,1,1,0,0,2,0,0,1,1,3,4,1,1,0,0,3,3,1,1,6,1,1,1
98,0,0,16,0,0,1,2,1,0,0,1,0,0,0,1,0,0,0,1,0,0,0,1,0,0,1,0,1,1,0,4,5,0,0,0,1,3,5,1,1,0,2,0,1
99,0,0,16,0,0,1,4,4,0,0,1,0,0,0,1,0,0,0,0,0,0,1,1,0,0,1,0,1,0,1,5,1,1,1,0,0,3,4,1,2,4,1,0,1
100,0,0,16,0,0,1,4,3,0,0,1,0,0,0,0,0,0,1,1,0,0,0,1,0,0,1,0,0,1,0,5,3,1,0,0,0,3,5,1,1,2,3,0,1
101,0,1,16,0,0,1,4,4,0,0,0,1,0,0,0,1,0,0,0,1,0,0,1,0,0,1,0,0,1,0,4,4,1,1,0,0,5,5,5,5,12,1,0,1
102,0,1,16,0,0,1,4,4,0,0,0,1,0,1,0,0,0,0,0,1,0,0,0,1,0,1,0,1,1,0,4,4,1,1,0,1,4,3,1,1,0,3,0,0
103,0,1,15,0,0,1,4,4,0,0,0,1,0,0,1,0,0,0,1,0,0,0,1,0,0,1,0,1,1,1,5,5,1,1,0,0,3,3,1,1,2,1,1,1
104,0,0,15,0,0,1,3,2,0,0,0,1,0,0,1,0,0,0,0,0,1,0,1,0,0,2,0,0,1,0,4,2,1,0,0,0,3,5,1,1,16,2,0,1
105,0,1,15,0,0,0,3,4,0,0,0,1,0,0,1,0,0,0,1,0,0,0,1,0,0,1,0,1,1,0,5,1,1,1,0,0,4,4,1,1,0,2,0,0
106,0,0,15,0,0,0,3,3,0,0,1,0,0,0,0,0,1,0,0,0,0,1,0,1,0,1,0,0,0,0,4,4,0,0,0,0,3,3,1,1,10,4,0,1
107,0,0,15,0,0,1,2,2,0,0,1,0,0,0,1,0,0,0,1,0,0,0,1,0,0,1,0,0,1,0,5,3,1,0,0,0,1,2,1,1,4,4,0,1
108,0,1,16,0,0,1,3,3,0,0,0,1,0,0,1,0,0,0,0,0,1,0,0,1,0,1,0,1,1,0,5,5,1,1,0,0,3,3,1,1,4,3,0,0
109,0,1,15,1,0,1,4,4,0,0,1,0,0,0,1,0,0,0,0,0,1,0,0,1,0,4,0,1,1,0,1,1,1,1,0,1,3,5,3,5,8,4,0,1
110,0,0,16,0,1,1,4,4,0,1,0,0,0,0,0,0,1,0,0,1,0,0,1,0,0,1,0,1,1,0,5,4,1,1,0,1,4,5,1,1,2,3,0,0
111,0,1,15,0,1,0,4,4,0,0,0,0,1,1,0,0,0,0,1,0,0,0,1,0,0,1,0,1,0,0,5,4,1,1,0,0,5,3,1,1,4,1,0,0
112,0,0,16,1,0,1,3,3,0,0,0,1,0,0,1,0,0,0,0,0,0,1,0,1,0,1,0,0,1,0,4,2,1,1,0,0,1,2,1,1,4,3,0,1
113,0,0,16,0,0,1,2,2,1,0,0,0,0,0,1,0,0,0,0,0,1,0,1,0,0,1,1,0,0,0,3,5,1,1,0,0,1,2,1,1,12,2,0,1
114,0,1,15,0,1,1,4,2,0,0,0,0,1,0,1,0,0,0,1,0,0,0,1,0,0,1,0,1,0,0,3,3,1,0,0,0,5,2,1,1,10,1,0,0
115,0,1,15,1,0,1,2,1,0,1,0,0,0,0,0,1,0,0,0,0,0,1,1,0,0,1,0,1,0,0,5,5,1,1,0,1,4,2,1,1,4,2,0,1
116,0,1,16,0,0,1,4,4,0,0,0,0,1,1,0,0,0,0,1,0,0,0,0,1,0,1,0,1,1,0,5,5,1,1,0,0,4,4,1,2,6,2,0,0
117,0,1,15,0,0,1,4,4,0,0,1,0,0,1,0,0,0,0,0,0,0,1,0,1,0,2,0,1,1,0,4,2,0,1,0,0,4,3,1,1,4,2,0,0
118,0,1,16,0,0,1,3,3,0,0,1,0,0,0,0,1,0,0,0,0,1,0,0,1,0,2,0,1,0,0,5,5,1,1,0,0,4,2,1,1,6,1,0,0
119,0,1,17,1,0,1,1,3,0,0,1,0,0,0,1,0,0,0,1,0,0,0,0,1,0,3,1,1,1,0,5,5,1,1,0,0,2,4,1,4,14,2,0,1
120,0,1,15,0,0,1,3,4,0,0,1,0,0,0,1,0,0,0,0,0,0,1,0,1,0,1,0,1,0,0,3,4,1,0,0,0,4,3,1,2,2,1,0,0
121,0,0,15,0,0,1,1,2,1,0,0,0,0,0,0,1,0,0,1,0,0,0,1,0,0,1,0,1,0,1,3,1,1,0,0,0,2,3,1,2,0,2,0,0
122,0,1,15,0,0,1,2,2,0,0,0,1,0,0,0,1,0,0,0,0,1,0,0,1,0,1,0,1,1,0,5,5,1,1,0,0,5,4,1,2,6,4,0,1
123,0,0,16,0,1,1,2,4,0,0,1,0,0,0,0,0,1,0,1,0,0,0,0,1,0,2,0,1,1,0,4,5,1,1,0,1,2,2,1,2,2,2,0,1
124,0,1,16,0,0,1,4,4,0,1,0,0,0,0,1,0,0,0,1,0,0,0,1,0,0,1,0,1,1,0,3,5,1,1,0,0,4,4,1,4,4,1,0,1
125,0,0,16,0,0,1,2,2,0,0,1,0,0,0,1,0,0,0,0,0,1,0,1,0,0,1,0,1,0,0,5,5,1,0,0,1,4,4,1,1,0,2,0,1
126,0,1,15,0,0,1,3,4,0,0,0,1,0,0,0,1,0,0,0,0,1,0,0,1,0,1,0,0,0,0,5,5,1,0,0,0,5,5,3,2,2,1,0,1
127,0,0,15,0,1,0,3,4,0,0,1,0,0,0,1,0,0,0,0,0,1,0,1,0,0,1,0,0,0,0,5,1,1,1,0,1,3,2,1,1,0,2,0,1
128,0,0,19,0,0,1,0,1,1,0,0,0,0,0,1,0,0,0,1,0,0,0,0,0,1,1,2,1,1,1,3,5,0,0,1,0,4,2,1,1,0,2,0,1
129,0,1,16,1,0,1,4,4,0,0,0,0,1,1,0,0,0,0,1,0,0,0,1,0,0,1,0,1,0,0,3,4,1,1,0,0,5,5,2,5,8,1,0,0
130,0,1,16,0,0,1,2,3,0,0,1,0,0,0,1,0,0,0,1,0,0,0,1,0,0,2,0,1,1,1,3,1,1,0,0,1,2,3,2,2,4,3,0,1
131,0,0,15,1,0,1,3,4,0,0,0,1,0,1,0,0,0,0,1,0,0,0,0,1,0,2,0,1,1,0,4,5,1,0,0,1,2,2,2,2,0,3,0,1
132,0,0,18,0,0,1,2,1,0,0,0,1,0,0,1,0,0,0,0,0,0,1,1,0,0,1,3,1,1,0,5,5,1,1,1,1,4,5,1,3,10,2,0,1
133,0,0,17,0,1,0,2,1,0,0,1,0,0,0,1,0,0,0,1,0,0,0,1,0,0,3,0,1,1,0,3,5,1,0,0,0,2,2,1,2,8,1,0,1
134,0,0,15,0,0,1,1,1,1,0,0,0,0,0,1,0,0,0,1,0,0,0,1,0,0,3,0,1,1,1,4,4,1,1,0,1,3,3,1,2,6,1,0,1
135,0,0,17,0,1,1,2,2,0,0,1,0,0,0,1,0,0,0,1,0,0,0,0,1,0,1,0,1,1,0,3,5,1,0,0,1,4,4,1,3,2,1,0,1
136,0,0,16,0,0,0,3,4,0,0,0,1,0,0,1,0,0,0,1,0,0,0,0,1,0,1,0,1,0,0,3,5,1,0,0,0,2,1,1,4,12,1,0,0
137,0,1,16,0,0,1,2,1,1,0,0,0,0,0,1,0,0,0,1,0,0,0,1,0,0,4,0,1,0,0,3,2,0,0,0,0,2,1,1,1,4,1,0,1
138,0,0,16,0,0,0,2,2,0,0,1,0,0,0,1,0,0,0,0,0,1,0,1,0,0,1,1,1,0,0,5,5,0,0,0,0,3,4,1,1,12,1,0,1
139,0,1,15,1,0,1,3,4,1,0,0,0,0,1,0,0,0,0,1,0,0,0,1,0,0,4,0,1,1,0,5,5,0,0,0,1,3,3,1,1,2,2,0,1
140,0,0,15,0,0,1,4,4,0,0,0,1,0,0,0,0,0,1,1,0,0,0,1,0,0,1,0,1,1,0,4,5,1,1,0,1,3,3,1,1,4,3,0,0
141,0,1,17,1,0,1,3,4,1,0,0,0,0,0,1,0,0,0,1,0,0,0,1,0,0,3,0,1,0,0,5,5,0,0,0,0,4,5,2,4,2,2,0,1
142,0,0,16,1,0,1,1,1,1,0,0,0,0,0,1,0,0,0,1,0,0,0,1,0,0,4,0,1,1,0,5,3,0,0,0,0,1,3,1,1,0,2,0,1
143,0,1,18,0,1,1,3,1,0,0,0,1,0,0,0,1,0,0,1,0,0,0,1,0,0,2,0,1,0,0,3,4,1,1,0,1,3,4,4,5,2,1,0,1
144,0,0,18,0,0,0,3,2,0,0,1,0,0,0,0,1,0,0,1,0,0,0,0,0,1,1,0,1,1,1,4,5,1,1,0,1,3,3,5,1,10,3,0,1
145,0,0,16,1,0,1,1,1,0,0,1,0,0,0,0,1,0,0,0,0,0,1,1,0,0,2,0,1,1,0,3,1,0,1,0,1,3,3,1,2,8,1,0,1
146,0,0,16,0,0,0,3,3,0,0,1,0,0,0,1,0,0,0,1,0,0,0,0,0,1,2,0,1,1,1,4,5,1,1,0,1,3,2,1,1,4,1,0,1
147,0,1,16,0,1,1,1,1,0,0,0,1,0,0,1,0,0,0,1,0,0,0,1,0,0,1,2,1,0,0,4,5,0,0,0,1,4,4,1,3,0,2,0,1
148,0,0,15,0,0,1,4,4,0,0,0,0,1,1,0,0,0,0,1,0,0,0,1,0,0,2,0,1,0,0,4,5,1,1,0,0,3,2,1,1,6,1,0,0
149,0,0,15,1,0,1,1,1,0,0,1,0,0,0,1,0,0,0,1,0,0,0,1,0,0,3,1,1,0,0,5,1,1,1,0,1,5,5,1,1,2,1,0,1
150,0,1,15,0,0,1,4,3,0,0,0,0,1,0,0,1,0,0,1,0,0,0,0,1,0,2,0,0,1,0,2,3,1,0,0,0,2,2,1,1,6,4,0,1
151,0,0,15,0,0,0,3,3,0,0,0,1,0,0,0,1,0,0,0,0,1,0,1,0,0,1,0,1,0,1,1,1,0,0,0,1,3,2,2,3,24,2,0,1
152,0,1,16,0,0,1,4,4,0,0,0,1,0,0,0,1,0,0,1,0,0,0,1,0,0,1,0,1,1,0,5,5,1,1,0,0,3,3,1,3,0,3,0,1
153,0,1,16,0,1,1,2,2,0,0,0,1,0,0,0,1,0,0,0,0,0,1,0,1,0,2,0,1,1,0,2,2,1,1,0,0,3,3,2,2,4,1,0,1
154,0,0,15,0,0,1,4,4,0,0,0,0,1,0,0,1,0,0,1,0,0,0,1,0,0,1,0,1,1,0,4,5,1,1,0,0,2,2,1,1,2,3,0,1
155,0,0,16,0,1,1,1,1,1,0,0,0,0,0,0,0,0,1,1,0,0,0,1,0,0,1,0,1,0,0,3,1,1,0,0,0,4,4,3,3,4,1,0,1
156,0,1,17,0,0,1,2,1,0,0,1,0,0,0,1,0,0,0,0,0,1,0,1,0,0,1,0,1,1,0,5,5,1,0,0,0,4,5,1,2,22,1,0,1
157,0,0,15,0,0,1,1,1,0,0,1,0,0,0,0,1,0,0,1,0,0,0,0,1,0,1,0,1,1,0,4,5,1,0,0,0,4,2,1,2,0,2,0,1
158,0,0,15,0,1,0,2,1,1,0,0,0,0,0,1,0,0,0,0,0,1,0,1,0,0,2,0,1,1,0,4,5,1,1,1,1,4,2,1,1,0,1,0,1
159,0,0,15,0,0,1,3,2,0,1,0,0,0,0,0,1,0,0,0,0,1,0,0,1,0,1,1,1,1,0,3,3,1,0,0,0,3,2,1,1,2,2,0,1
160,0,0,15,0,0,1,1,2,1,0,0,0,0,0,1,0,0,0,1,0,0,0,1,0,0,1,0,1,1,1,4,5,1,0,0,0,3,2,1,1,6,2,0,1
161,0,0,15,0,0,1,1,2,1,0,0,0,0,0,0,1,0,0,1,0,0,0,0,1,0,1,0,1,0,1,2,1,0,0,0,1,3,4,2,4,6,2,0,1
162,0,1,16,0,0,1,4,4,0,0,0,0,1,1,0,0,0,0,1,0,0,0,1,0,0,1,0,1,1,0,3,5,1,0,1,1,3,2,2,1,16,1,0,1
163,0,1,15,0,1,0,2,1,0,0,0,1,0,0,1,0,0,0,1,0,0,0,1,0,0,4,0,1,0,0,4,5,1,0,0,0,5,5,2,5,0,1,0,1
164,0,1,18,0,1,1,1,1,0,0,1,0,0,0,1,0,0,0,1,0,0,0,1,0,0,1,2,1,0,0,2,4,1,0,1,1,3,5,2,5,0,1,0,1
165,0,1,16,0,1,1,2,1,1,0,0,0,0,0,1,0,0,0,1,0,0,0,1,0,0,1,1,1,0,0,4,5,0,1,0,1,4,4,3,5,6,1,0,1
166,0,0,15,1,0,1,3,3,0,0,0,1,0,0,0,1,0,0,0,0,0,1,0,0,1,2,0,1,1,0,4,3,1,1,0,1,2,1,2,3,2,3,1,1
167,0,1,19,0,0,1,3,2,0,0,0,1,0,0,0,0,0,1,0,0,1,0,1,0,0,1,0,1,1,0,4,4,1,0,1,1,5,4,1,1,6,1,0,1
168,0,0,17,0,0,1,4,4,0,0,1,0,0,1,0,0,0,0,1,0,0,0,1,0,0,1,0,0,1,0,4,4,0,0,0,1,2,1,1,1,0,1,0,1
169,0,1,15,1,0,1,2,3,1,0,0,0,0,0,0,1,0,0,1,0,0,0,1,0,0,1,0,0,0,0,4,1,0,1,0,0,4,4,1,1,0,2,1,1
170,0,1,17,1,1,1,1,2,0,0,1,0,0,0,1,0,0,0,0,0,0,1,1,0,0,1,3,1,0,0,2,5,0,0,0,0,2,2,3,3,14,1,0,1
171,0,0,18,1,0,1,1,1,1,0,0,0,0,0,1,0,0,0,1,0,0,0,1,0,0,3,3,1,1,1,5,4,0,1,0,0,2,5,1,5,6,1,0,1
172,0,1,16,1,0,1,2,2,1,0,0,0,0,0,1,0,0,0,1,0,0,0,1,0,0,3,0,1,0,1,4,3,0,0,0,0,2,2,1,2,4,1,0,1
173,0,1,16,0,0,1,3,3,0,0,1,0,0,0,0,1,0,0,1,0,0,0,0,1,0,1,1,1,1,0,4,5,1,0,0,1,5,5,4,4,0,2,0,1
174,0,1,16,0,1,1,1,2,0,1,0,0,0,0,0,1,0,0,1,0,0,0,1,0,0,2,2,1,0,1,4,5,1,0,0,0,4,5,3,5,0,1,0,1
175,0,1,17,1,1,1,2,1,1,0,0,0,0,0,1,0,0,0,1,0,0,0,1,0,0,2,1,1,0,0,3,5,1,1,1,1,3,2,2,2,8,1,1,1
176,0,1,17,1,0,1,3,2,0,0,1,0,0,0,1,0,0,0,1,0,0,0,1,0,0,2,2,0,1,0,4,3,1,0,0,1,4,4,1,4,4,2,0,1
177,0,1,15,0,1,1,1,2,0,0,1,0,0,0,1,0,0,0,1,0,0,0,1,0,0,2,0,1,0,0,4,5,0,1,0,0,4,4,2,4,2,1,0,1
178,0,1,16,0,0,1,1,3,1,0,0,0,0,0,0,1,0,0,1,0,0,0,0,1,0,1,1,1,0,0,5,2,1,0,1,0,3,3,1,4,2,1,0,1
179,0,1,17,1,1,1,1,1,0,0,1,0,0,0,0,1,0,0,1,0,0,0,1,0,0,4,0,1,0,0,5,5,0,1,1,1,3,5,1,5,0,2,0,1
180,0,1,17,0,0,1,3,2,0,0,0,1,0,0,0,1,0,0,1,0,0,0,1,0,0,2,3,1,1,1,4,2,0,1,1,0,5,2,1,1,10,1,0,1
181,0,1,16,0,0,1,2,2,0,0,1,0,0,0,1,0,0,0,1,0,0,0,0,1,0,1,0,1,0,0,4,4,1,0,1,0,3,5,2,4,0,2,0,1
182,0,0,16,0,0,1,4,2,0,1,0,0,0,0,0,1,0,0,0,0,1,0,0,1,0,1,0,1,0,0,4,3,1,0,0,1,2,3,1,1,0,2,0,0
183,0,0,16,0,0,1,2,2,0,0,1,0,0,0,1,0,0,0,0,0,1,0,1,0,0,1,0,1,1,1,5,4,1,0,0,0,1,5,1,1,0,2,0,1
184,0,0,16,0,0,1,4,4,0,1,0,0,0,0,0,0,1,0,0,0,0,1,1,0,0,1,0,1,1,0,4,3,1,0,0,1,4,2,1,1,0,2,0,0
185,0,1,16,0,0,1,3,4,0,0,1,0,0,0,1,0,0,0,1,0,0,0,0,1,0,3,1,1,1,1,3,2,1,1,0,0,4,5,2,4,4,1,0,1
186,0,1,16,0,0,1,1,0,0,0,1,0,0,0,1,0,0,0,0,0,0,1,1,0,0,2,0,1,1,0,4,3,1,1,0,1,3,2,1,1,0,2,0,0
187,0,1,17,0,1,1,4,4,0,0,0,0,1,0,1,0,0,0,0,0,0,1,1,0,0,1,0,1,1,0,4,5,1,1,0,0,4,4,1,3,0,2,0,1
188,0,0,16,0,0,1,1,3,1,0,0,0,0,0,0,1,0,0,0,0,1,0,1,0,0,1,0,1,0,1,4,3,1,1,0,1,3,5,1,1,0,2,0,1
189,0,0,16,0,1,1,3,3,0,0,1,0,0,0,1,0,0,0,0,0,0,1,1,0,0,2,0,1,1,0,4,4,1,1,0,0,4,5,1,1,0,2,0,0
190,0,1,17,0,1,1,4,3,0,0,0,0,1,0,1,0,0,0,1,0,0,0,1,0,0,2,0,1,0,0,4,4,1,1,0,0,4,4,4,4,0,2,0,1
191,0,0,16,0,0,1,2,2,0,0,0,1,0,0,1,0,0,0,0,0,0,1,1,0,0,2,0,1,0,1,3,5,1,1,0,0,4,4,1,4,0,2,0,0
192,0,1,17,0,0,1,3,3,0,0,1,0,0,0,1,0,0,0,0,0,0,1,0,1,0,1,0,1,0,1,4,4,1,1,0,0,3,4,1,4,4,2,0,1
193,0,1,16,1,0,1,4,2,0,0,0,0,1,0,0,1,0,0,0,1,0,0,1,0,0,1,0,1,1,0,4,3,1,1,0,1,3,3,3,4,8,1,0,1
194,0,1,17,0,0,1,4,3,0,0,1,0,0,0,1,0,0,0,1,0,0,0,1,0,0,1,0,1,1,0,5,2,1,1,0,1,2,3,1,1,4,2,1,1
195,0,1,16,0,0,1,4,3,0,0,0,0,1,0,1,0,0,0,0,0,1,0,1,0,0,1,0,1,1,0,3,3,1,1,0,0,4,3,2,3,4,2,1,1
196,0,1,16,0,0,1,3,3,0,0,0,1,0,0,1,0,0,0,0,0,1,0,1,0,0,1,0,1,0,0,4,3,1,1,0,1,2,3,1,2,0,2,0,1
197,0,0,17,0,0,1,2,4,0,0,0,1,0,0,0,1,0,0,0,0,0,1,0,1,0,1,0,1,1,0,5,5,0,1,0,0,4,2,2,3,0,2,0,0
198,0,0,17,0,1,1,3,3,0,0,1,0,0,0,1,0,0,0,0,0,0,1,1,0,0,1,0,1,1,0,5,1,1,1,0,1,3,3,2,3,32,2,0,0
199,0,0,16,0,0,1,3,2,0,0,1,0,0,0,1,0,0,0,0,0,0,1,1,0,0,1,0,1,1,0,1,1,1,0,0,0,2,2,1,2,8,2,0,0
200,0,1,17,0,0,1,3,3,0,0,0,1,0,0,0,1,0,0,0,1,0,0,1,0,0,1,0,1,1,0,4,4,1,1,0,1,3,4,2,3,6,2,0,0
201,0,1,16,0,0,1,1,2,0,0,0,1,0,0,0,1,0,0,0,1,0,0,1,0,0,1,0,1,1,0,3,3,1,1,0,1,3,3,1,2,0,1,0,1
202,0,1,16,0,1,1,2,1,0,0,1,0,0,0,1,0,0,0,1,0,0,0,1,0,0,1,0,1,0,0,4,5,1,1,0,1,2,3,1,2,0,2,0,0
203,0,0,17,0,0,0,3,3,0,1,0,0,0,0,1,0,0,0,0,0,0,1,1,0,0,1,0,1,1,1,3,3,1,0,0,1,3,3,1,3,10,2,0,0
204,0,1,17,1,0,1,1,2,1,0,0,0,0,0,1,0,0,0,0,0,1,0,1,0,0,1,0,1,0,0,3,3,0,0,0,0,1,3,1,5,6,2,0,1
205,0,0,16,0,0,1,2,3,0,0,0,1,0,0,0,1,0,0,1,0,0,0,1,0,0,1,0,1,0,0,4,2,1,0,0,0,3,3,1,1,6,2,0,1
206,0,0,17,0,0,1,1,1,1,0,0,0,0,0,0,1,0,0,1,0,0,0,1,0,0,1,0,1,0,0,5,3,1,1,0,0,3,3,1,1,0,2,0,1
207,0,1,17,0,0,1,1,2,1,0,0,0,0,0,0,1,0,0,0,1,0,0,0,0,1,2,0,1,0,1,4,5,1,1,0,0,4,4,4,5,16,2,0,1
208,0,1,16,1,0,1,3,3,0,0,0,1,0,0,0,1,0,0,0,0,0,1,1,0,0,1,0,1,1,0,4,5,1,1,0,0,3,2,3,4,0,1,0,1
209,0,1,16,0,0,1,2,3,0,0,1,0,0,0,1,0,0,0,0,0,1,0,0,1,0,2,0,1,0,0,5,3,1,0,0,0,3,3,1,1,0,1,0,1
210,0,0,17,0,1,1,2,4,0,0,0,1,0,0,0,1,0,0,1,0,0,0,0,1,0,1,0,1,0,0,4,5,1,1,0,1,3,2,1,1,8,2,0,0
211,0,1,17,0,0,1,4,4,0,0,0,1,0,1,0,0,0,0,0,0,1,0,1,0,0,1,0,1,0,0,5,5,1,0,0,0,2,3,1,2,4,1,0,0
212,0,1,16,1,1,1,3,3,0,0,0,0,1,0,1,0,0,0,0,0,1,0,0,1,0,3,0,1,1,0,3,3,1,1,0,0,3,4,3,5,16,1,0,1
213,0,0,17,0,0,1,4,4,0,0,0,1,0,1,0,0,0,0,0,0,1,0,1,0,0,2,1,1,1,0,4,2,1,0,0,0,2,4,2,3,30,1,0,0
214,0,0,16,0,1,1,4,4,0,0,0,0,1,1,0,0,0,0,0,0,0,1,1,0,0,1,0,1,1,0,4,3,1,0,0,0,5,2,1,2,0,2,0,1
215,0,0,16,0,0,1,4,3,0,1,0,0,0,0,1,0,0,0,0,0,1,0,1,0,0,1,0,1,1,0,4,2,1,1,0,0,3,5,1,5,2,2,0,0
216,0,0,16,0,0,1,2,3,0,0,1,0,0,0,1,0,0,0,0,0,0,1,1,0,0,1,0,0,1,0,4,4,0,1,0,0,4,3,1,3,4,2,0,1
217,0,0,17,0,0,1,1,1,0,0,1,0,0,0,1,0,0,0,1,0,0,0,1,0,0,1,0,1,1,1,4,1,0,0,0,0,4,4,1,3,0,2,0,0
218,0,0,17,1,0,1,2,2,0,0,1,0,0,0,1,0,0,0,0,0,0,1,1,0,0,1,0,1,1,0,5,3,1,0,0,0,3,2,1,2,21,1,0,1
219,0,0,16,1,0,1,2,2,0,0,0,1,0,0,0,1,0,0,0,0,0,1,1,0,0,2,0,1,1,1,5,5,1,1,0,0,3,5,1,1,6,4,0,1
220,0,0,17,0,0,1,3,4,1,0,0,0,0,0,0,1,0,0,0,0,1,0,1,0,0,1,1,1,1,0,4,5,1,0,0,1,4,3,3,4,14,3,1,1
221,0,0,16,0,0,0,3,1,0,0,0,1,0,0,1,0,0,0,1,0,0,0,1,0,0,1,0,1,1,0,2,4,1,0,0,0,3,3,2,2,2,2,0,1
222,0,0,16,0,0,1,4,3,0,0,0,0,1,0,1,0,0,0,0,1,0,0,1,0,0,1,0,1,0,0,1,1,1,1,0,1,3,2,1,1,4,2,0,0
223,0,0,16,0,0,1,1,1,1,0,0,0,0,0,1,0,0,0,0,0,1,0,1,0,0,2,0,1,1,0,4,5,0,0,0,0,3,2,1,4,2,1,0,1
224,0,0,17,1,0,1,4,3,0,0,0,0,1,0,1,0,0,0,0,0,0,1,1,0,0,2,0,1,1,0,4,4,1,1,0,1,4,2,1,1,0,3,0,1
225,0,0,19,0,0,1,3,3,0,0,1,0,0,0,1,0,0,0,0,0,0,1,0,0,1,1,0,1,1,0,4,3,1,1,0,0,3,3,1,2,4,4,0,1
226,0,1,17,0,1,1,4,4,0,0,0,1,0,0,1,0,0,0,0,0,1,0,1,0,0,1,0,1,1,0,5,3,1,0,0,1,3,5,4,5,15,2,0,1
227,0,0,16,0,0,0,2,2,0,0,1,0,0,0,1,0,0,0,0,0,0,1,1,0,0,1,0,0,1,0,3,4,1,0,0,0,3,4,1,1,0,2,0,1
228,0,1,18,0,0,1,2,2,0,0,0,1,0,0,1,0,0,0,0,0,1,0,1,0,0,1,0,1,1,0,4,5,1,1,0,0,4,4,2,4,10,2,0,1
229,0,0,17,1,1,1,4,4,0,0,0,1,0,0,1,0,0,0,0,1,0,0,1,0,0,1,0,1,1,0,5,3,0,0,0,0,2,1,1,2,6,1,0,1
230,0,0,17,0,1,1,3,2,0,0,1,0,0,0,1,0,0,0,0,0,0,1,1,0,0,2,0,1,0,0,4,1,1,0,0,0,4,4,1,3,2,2,0,0
231,0,0,17,0,0,1,4,3,0,0,1,0,0,0,1,0,0,0,0,0,0,1,1,0,0,1,0,1,0,0,3,1,1,0,0,1,4,5,2,4,16,2,0,1
232,0,1,18,0,1,1,3,3,0,0,0,1,0,0,0,0,1,0,0,0,1,0,0,1,0,1,0,1,1,0,3,4,1,0,0,0,2,4,2,4,10,2,0,1
233,0,0,17,0,0,1,2,3,1,0,0,0,0,0,1,0,0,0,0,0,1,0,0,1,0,2,0,1,1,0,3,3,0,0,0,0,3,3,1,4,4,1,0,1
234,0,0,17,0,0,1,2,2,1,0,0,0,0,0,0,0,0,1,1,0,0,0,1,0,0,1,0,1,1,0,4,4,1,1,0,0,3,3,1,1,0,3,0,1
235,0,0,17,1,0,1,2,1,1,0,0,0,0,0,0,1,0,0,0,0,0,1,1,0,0,2,0,1,1,0,4,5,1,1,0,0,2,5,1,2,0,2,0,1
236,0,0,17,0,0,1,1,1,1,0,0,0,0,0,1,0,0,0,0,0,0,1,1,0,0,1,0,1,1,0,4,5,0,1,0,1,3,4,1,1,12,3,0,1
237,0,0,16,0,0,1,2,3,0,0,0,1,0,1,0,0,0,0,0,1,0,0,1,0,0,1,0,0,0,0,2,3,1,0,0,0,3,1,1,1,0,2,0,0
238,0,1,18,0,0,1,2,2,0,0,1,0,0,0,1,0,0,0,0,0,1,0,1,0,0,2,3,1,1,0,3,4,1,0,0,0,3,3,5,5,9,2,1,1
239,0,0,16,0,0,1,4,4,0,0,0,0,1,0,0,1,0,0,0,0,1,0,1,0,0,1,0,1,1,1,5,5,1,1,0,0,3,2,1,1,4,3,0,0
240,0,0,18,1,0,1,3,1,0,0,1,0,0,0,1,0,0,0,0,0,0,1,1,0,0,1,0,1,0,0,5,4,1,1,0,1,3,3,1,1,4,2,0,1
241,0,0,17,0,0,1,3,2,0,0,1,0,0,0,1,0,0,0,1,0,0,0,1,0,0,1,0,1,0,1,5,3,1,1,0,0,3,4,1,3,2,2,0,0
242,0,1,17,0,1,1,2,3,0,0,0,1,0,0,0,1,0,0,0,0,0,1,0,1,0,1,0,1,1,1,5,3,1,0,0,0,3,3,1,3,0,2,0,1
243,0,1,18,0,1,1,2,1,1,0,0,0,0,0,1,0,0,0,1,0,0,0,1,0,0,4,0,0,1,0,4,3,1,1,0,1,3,2,4,5,2,2,0,1
244,0,0,17,0,0,0,2,1,0,0,1,0,0,0,1,0,0,0,1,0,0,0,1,0,0,2,0,1,0,0,3,3,1,1,0,1,2,3,1,2,0,3,0,0
245,0,0,17,0,1,1,4,3,0,1,0,0,0,0,1,0,0,0,0,0,0,1,0,1,0,1,0,1,0,0,3,3,1,1,0,1,2,3,1,2,0,2,0,1
246,0,1,17,1,0,1,2,2,0,0,1,0,0,0,1,0,0,0,1,0,0,0,0,1,0,2,0,1,1,0,4,1,1,1,0,0,5,2,1,1,0,2,0,1
247,0,1,17,0,0,1,4,4,0,0,0,0,1,1,0,0,0,0,0,0,0,1,1,0,0,1,0,0,1,0,4,2,1,1,0,1,5,5,1,3,0,2,0,1
248,0,1,16,0,0,1,4,4,0,1,0,0,0,0,1,0,0,0,0,0,0,1,0,1,0,1,0,1,1,0,4,1,1,1,0,0,2,4,2,4,0,2,0,0
249,0,1,16,0,1,1,1,1,0,0,1,0,0,0,1,0,0,0,0,0,1,0,1,0,0,2,0,1,1,0,3,5,1,0,0,0,4,2,1,1,2,2,0,1
250,0,1,16,0,0,1,3,2,1,0,0,0,0,0,1,0,0,0,0,0,0,1,1,0,0,2,0,1,0,0,5,2,1,1,0,1,3,3,1,3,0,3,0,1
251,0,1,17,0,1,1,2,2,0,0,1,0,0,0,1,0,0,0,0,0,1,0,0,1,0,1,0,1,0,1,4,4,1,1,0,1,4,2,5,5,0,2,0,0
252,0,0,16,0,0,1,2,1,0,0,1,0,0,0,1,0,0,0,0,0,1,0,1,0,0,1,0,1,0,0,4,5,1,0,0,1,5,2,1,1,4,1,0,1
253,0,0,16,0,0,0,4,1,0,0,1,0,0,0,1,0,0,0,0,0,1,0,1,0,0,1,0,1,0,0,5,5,1,1,0,1,3,3,1,2,0,2,0,1
254,0,0,18,0,1,0,2,4,0,0,0,1,0,0,1,0,0,0,1,0,0,0,1,0,0,2,1,1,1,0,4,3,1,0,0,0,3,3,1,1,18,2,0,1
255,0,0,18,0,1,1,2,2,1,0,0,0,0,0,0,1,0,0,1,0,0,0,1,0,0,1,1,1,1,1,5,5,1,0,0,1,3,1,1,1,16,2,0,1
256,0,0,18,0,0,1,3,3,0,0,1,0,0,0,1,0,0,0,1,0,0,0,1,0,0,2,1,1,0,0,4,3,1,0,1,0,1,1,1,1,14,1,0,1
257,0,1,18,0,0,1,2,2,0,0,1,0,0,0,0,0,0,1,1,0,0,0,0,0,1,1,1,1,1,1,4,1,1,1,1,1,4,3,2,2,26,1,0,1
258,0,1,17,0,0,1,4,4,0,0,0,0,1,1,0,0,0,0,1,0,0,0,1,0,0,1,0,1,1,1,4,5,1,1,0,0,2,1,1,2,6,1,0,1
259,0,0,17,0,0,1,3,2,0,0,1,0,0,0,1,0,0,0,1,0,0,0,0,1,0,1,0,1,0,0,5,3,0,1,0,0,4,2,1,1,4,2,0,0
260,0,0,17,0,1,1,1,1,1,0,0,0,0,0,0,0,0,1,1,0,0,0,1,0,0,1,0,1,1,0,4,4,1,1,0,1,3,2,1,2,10,3,0,1
261,0,0,16,0,0,1,1,2,0,0,1,0,0,0,1,0,0,0,1,0,0,0,1,0,0,1,0,1,0,0,5,5,1,0,1,0,3,5,1,2,4,1,0,1
262,0,0,17,1,0,1,2,1,1,0,0,0,0,0,0,1,0,0,1,0,0,0,1,0,0,3,0,1,0,0,2,3,0,1,0,0,1,1,1,1,2,2,0,1
263,0,0,17,1,1,0,1,4,0,0,1,0,0,0,1,0,0,0,1,0,0,0,0,0,1,4,1,1,1,0,5,5,1,0,0,0,5,4,1,1,14,1,0,1
264,0,1,18,0,0,1,2,2,0,0,1,0,0,0,0,1,0,0,0,0,0,1,0,1,0,1,0,1,0,0,5,2,1,0,1,0,5,4,3,5,16,2,0,1
265,0,0,17,0,1,0,2,2,0,0,1,0,0,0,1,0,0,0,0,0,1,0,1,0,0,1,1,1,1,1,3,1,1,0,1,0,1,2,1,1,8,1,0,1
266,0,0,17,1,1,1,1,1,1,0,0,0,0,0,1,0,0,0,1,0,0,0,1,0,0,2,0,1,0,0,4,5,1,1,0,0,3,3,1,3,4,3,0,0
267,0,0,17,0,1,0,4,2,0,0,0,0,1,0,1,0,0,0,1,0,0,0,1,0,0,1,0,1,1,0,4,4,0,1,0,0,3,2,1,1,4,2,0,0
268,0,1,17,0,1,1,4,3,0,1,0,0,0,0,1,0,0,0,1,0,0,0,1,0,0,2,0,1,0,0,2,5,1,1,0,1,5,5,1,4,8,2,0,0
269,0,1,17,1,1,0,4,4,0,0,0,0,1,0,1,0,0,0,1,0,0,0,1,0,0,2,0,1,1,0,3,4,1,0,0,0,3,3,2,3,0,2,0,1
270,0,1,16,0,1,1,4,3,0,0,0,0,1,0,1,0,0,0,1,0,0,0,1,0,0,1,0,1,0,1,5,3,1,1,0,0,4,5,1,1,7,1,0,0
271,0,1,16,0,0,1,4,4,0,0,0,1,0,0,0,1,0,0,1,0,0,0,1,0,0,1,0,1,0,0,5,5,1,1,0,0,3,2,1,2,4,1,1,0
272,0,0,17,0,0,1,4,4,0,0,0,0,1,0,0,1,0,0,1,0,0,0,1,0,0,1,0,1,1,0,5,5,1,0,0,1,3,1,1,4,2,2,1,1
273,0,1,17,1,0,1,1,1,0,0,1,0,0,0,1,0,0,0,0,0,1,0,0,1,0,2,0,1,0,1,4,1,1,0,0,1,3,3,1,1,2,3,0,0
274,0,0,17,0,0,1,3,3,0,0,0,1,0,0,1,0,0,0,0,0,1,0,1,0,0,2,0,1,1,0,4,5,1,0,0,1,2,2,2,3,10,3,0,1
275,0,0,17,0,0,1,1,1,1,0,0,0,0,0,1,0,0,0,1,0,0,0,1,0,0,1,0,0,0,1,4,4,0,0,0,1,3,2,1,1,10,2,0,1
276,0,0,18,0,0,1,2,1,0,0,1,0,0,0,1,0,0,0,1,0,0,0,0,0,1,2,0,1,1,1,4,3,1,0,0,1,4,4,1,1,10,3,0,1
277,0,1,16,0,0,1,2,1,0,0,1,0,0,0,1,0,0,0,1,0,0,0,1,0,0,3,0,1,0,0,4,4,1,0,0,0,3,3,1,1,7,1,0,0
278,0,0,17,0,0,1,1,1,0,0,1,0,0,0,0,1,0,0,1,0,0,0,0,1,0,1,0,1,1,0,4,5,0,0,0,0,3,4,1,2,4,2,0,1
279,0,1,17,0,0,1,2,3,0,0,1,0,0,0,1,0,0,0,1,0,0,0,0,1,0,2,0,1,0,0,5,2,1,0,0,0,2,2,1,1,2,1,0,1
280,0,1,22,0,0,1,3,1,0,0,0,1,0,0,0,1,0,0,0,1,0,0,1,0,0,1,3,1,0,1,5,1,1,0,1,1,4,5,5,5,12,1,0,1
281,0,1,18,1,1,1,3,3,0,0,1,0,0,0,0,1,0,0,1,0,0,0,1,0,0,1,0,1,1,0,4,5,1,0,0,1,3,3,1,3,8,2,0,1
282,0,1,16,0,0,1,0,2,0,0,1,0,0,0,1,0,0,0,0,1,0,0,1,0,0,1,0,1,0,1,4,5,1,0,0,0,3,2,2,4,0,1,0,1
283,0,1,18,0,0,1,3,2,0,0,0,1,0,0,1,0,0,0,1,0,0,0,1,0,0,2,0,1,0,0,4,5,1,0,1,0,4,5,2,4,8,1,0,1
284,0,1,16,0,0,1,3,3,1,0,0,0,0,0,1,0,0,0,0,0,0,1,0,0,1,3,1,0,1,1,5,2,1,0,0,0,3,3,1,3,4,2,0,1
285,0,1,18,0,0,1,2,1,0,0,0,1,0,0,0,1,0,0,0,1,0,0,1,0,0,1,2,1,0,1,3,5,1,0,1,0,2,5,2,5,4,1,0,1
286,0,1,16,1,0,1,2,1,0,0,1,0,0,0,1,0,0,0,1,0,0,0,1,0,0,2,0,1,0,1,3,3,0,1,0,0,3,2,1,3,2,1,0,1
287,0,1,17,1,0,1,2,1,0,0,1,0,0,0,1,0,0,0,1,0,0,0,1,0,0,1,0,1,0,1,4,5,1,0,0,0,4,2,2,4,0,1,0,1
288,0,1,17,0,1,1,1,1,0,1,0,0,0,0,1,0,0,0,1,0,0,0,1,0,0,2,1,1,1,0,4,5,1,1,0,0,4,4,1,2,0,1,0,1
289,0,0,18,0,1,0,2,1,0,0,1,0,0,0,1,0,0,0,1,0,0,0,1,0,0,1,0,1,1,1,4,5,1,0,0,1,3,4,1,3,2,2,0,1
290,0,0,17,0,1,1,4,2,0,0,0,0,1,0,0,1,0,0,0,0,0,1,1,0,0,1,0,1,1,0,4,4,1,1,0,0,2,3,1,1,2,4,0,0
291,0,0,19,0,0,1,2,2,0,0,0,1,0,0,0,1,0,0,0,0,1,0,1,0,0,1,0,1,1,0,4,5,1,0,0,0,3,3,1,1,0,2,0,1
292,0,1,18,0,1,1,2,1,0,0,0,1,0,0,1,0,0,0,1,0,0,0,1,0,0,3,1,1,0,1,4,5,1,1,1,0,4,5,4,4,4,2,0,1
293,0,0,17,1,0,1,4,2,0,0,1,0,0,0,1,0,0,0,1,0,0,0,1,0,0,1,0,1,1,0,4,5,1,1,0,0,3,4,1,3,2,3,0,0
294,0,0,18,0,1,1,1,1,0,0,1,0,0,0,0,0,0,1,0,0,1,0,1,0,0,1,0,1,1,1,4,3,0,0,0,0,4,3,2,3,4,3,0,0
295,0,0,18,1,0,1,2,2,0,0,1,0,0,0,1,0,0,0,0,0,1,0,1,0,0,1,0,0,0,0,3,5,0,0,0,0,2,3,1,1,4,2,0,1
296,0,1,19,0,1,0,4,3,0,0,0,1,0,0,0,0,0,1,0,0,0,1,1,0,0,1,0,1,1,0,4,1,1,0,0,0,3,1,1,1,4,2,0,0
297,0,1,18,0,0,1,2,1,0,0,1,0,0,0,1,0,0,0,0,0,1,0,1,0,0,1,0,1,0,0,5,4,1,1,0,0,2,4,1,2,2,2,0,0
298,0,1,17,1,0,1,2,2,0,0,1,0,0,0,0,1,0,0,0,1,0,0,1,0,0,2,0,1,0,1,5,4,0,0,1,0,2,2,1,1,0,1,0,1
299,0,0,17,0,1,1,2,2,0,0,0,1,0,0,0,1,0,0,1,0,0,0,0,1,0,1,0,1,0,0,3,2,1,1,0,1,4,1,1,1,2,4,0,1
300,0,0,20,1,0,1,2,1,0,0,1,0,0,0,1,0,0,0,1,0,0,0,0,0,1,2,0,1,1,0,1,2,1,1,1,1,2,3,1,2,8,2,1,1
301,0,0,18,0,0,1,4,3,0,0,0,1,0,0,1,0,0,0,0,0,1,0,0,1,0,1,0,1,1,0,3,2,1,0,0,1,1,2,1,3,2,2,0,0
302,0,1,18,0,0,1,4,3,0,0,0,0,1,0,1,0,0,0,1,0,0,0,1,0,0,1,0,1,1,1,4,3,1,0,0,0,3,2,1,1,2,2,0,1
303,0,1,18,1,0,1,3,2,0,0,1,0,0,0,1,0,0,0,1,0,0,0,1,0,0,1,0,1,0,1,5,3,0,1,0,0,3,2,1,1,2,3,0,1
304,0,0,17,0,0,1,3,3,0,0,1,0,0,0,1,0,0,0,0,0,1,0,1,0,0,1,0,1,0,1,3,4,0,1,0,0,2,3,1,1,2,3,0,1
305,0,0,18,0,0,1,2,2,1,0,0,0,0,0,0,1,0,0,0,0,1,0,1,0,0,1,0,1,1,0,4,3,1,1,0,1,3,3,1,1,0,3,0,1
306,0,1,17,0,0,1,2,2,0,0,1,0,0,0,1,0,0,0,0,0,1,0,0,1,0,2,0,1,0,0,4,4,1,0,1,0,4,4,2,3,8,1,0,1
307,0,1,18,1,1,0,3,4,0,0,1,0,0,0,1,0,0,0,0,0,0,1,1,0,0,2,0,1,1,0,4,1,1,1,0,0,2,5,3,4,6,2,0,0
308,0,1,17,0,0,1,3,1,0,0,0,1,0,0,1,0,0,0,0,1,0,0,1,0,0,1,0,1,0,0,5,5,1,1,0,1,4,4,3,4,0,2,0,0
309,0,0,18,1,0,1,4,4,0,0,0,0,1,0,1,0,0,0,0,0,0,1,1,0,0,2,0,1,0,0,4,4,1,1,0,0,3,4,2,2,8,2,0,1
310,0,1,18,0,0,1,4,2,0,1,0,0,0,0,1,0,0,0,0,0,0,1,0,1,0,1,0,1,1,0,5,5,1,1,0,1,4,5,1,3,4,2,0,0
311,0,0,18,1,0,1,2,1,0,0,1,0,0,0,1,0,0,0,0,0,0,1,1,0,0,2,0,1,1,0,4,3,1,0,1,1,3,5,1,2,12,2,0,1
312,0,0,19,0,0,1,3,3,0,0,1,0,0,0,0,1,0,0,0,0,1,0,0,0,1,1,0,1,1,0,4,5,1,1,0,0,3,5,3,3,16,2,0,1
313,0,0,18,0,0,1,2,3,0,0,1,0,0,0,0,1,0,0,0,0,0,1,0,1,0,1,0,1,1,0,4,2,1,1,0,1,5,5,1,3,10,4,0,0
314,0,0,18,0,1,1,1,1,0,0,1,0,0,0,1,0,0,0,0,0,1,0,1,0,0,2,0,1,1,1,4,3,0,0,0,0,4,3,1,1,2,2,0,1
315,0,1,17,1,0,1,1,2,1,0,0,0,0,0,0,0,0,1,0,0,1,0,1,0,0,1,0,1,1,1,3,1,0,1,0,1,5,2,2,2,2,2,0,0
316,0,0,18,0,0,1,2,1,0,0,1,0,0,0,1,0,0,0,0,0,1,0,1,0,0,1,0,1,1,0,4,1,1,0,0,1,2,5,1,2,8,2,0,0
317,0,0,17,0,0,1,2,4,1,0,0,0,0,0,0,0,1,0,0,0,0,1,1,0,0,2,0,1,1,0,4,1,1,0,0,1,3,3,1,1,6,2,0,0
318,0,0,17,0,1,1,2,2,0,0,0,1,0,0,1,0,0,0,1,0,0,0,1,0,0,2,0,0,1,0,4,5,1,0,0,1,4,4,2,3,6,2,0,1
319,0,0,18,1,0,0,3,2,0,0,1,0,0,0,0,1,0,0,0,0,1,0,1,0,0,2,0,1,0,1,4,5,1,0,1,1,1,1,1,1,15,2,0,1
320,0,1,18,0,0,1,4,4,0,0,0,0,1,0,0,1,0,0,0,0,1,0,1,0,0,2,0,1,0,0,3,3,1,1,0,0,2,4,1,4,6,1,0,1
321,0,0,18,0,0,1,4,4,0,1,0,0,0,0,0,0,1,0,0,0,0,1,0,1,0,1,1,0,1,0,2,4,1,1,0,1,4,4,1,1,2,2,0,1
322,0,0,17,0,0,1,2,2,0,0,1,0,0,0,0,1,0,0,0,0,0,1,0,1,0,3,0,1,1,0,4,1,1,0,0,1,2,3,1,1,8,3,0,0
323,0,0,19,1,0,1,3,2,0,0,0,1,0,0,0,1,0,0,0,0,0,1,0,1,0,1,1,0,1,0,3,3,1,0,1,0,3,3,4,3,0,2,0,1
324,0,1,18,0,1,1,4,3,0,0,0,0,1,0,0,1,0,0,1,0,0,0,1,0,0,2,0,1,0,0,4,1,1,1,0,0,2,3,1,2,0,1,0,1
325,0,1,18,0,0,1,1,2,1,0,0,0,0,0,1,0,0,0,0,0,1,0,0,0,1,2,0,1,0,1,3,4,1,0,1,0,4,4,2,4,10,1,0,1
326,0,1,17,0,1,0,4,1,0,0,0,1,0,0,1,0,0,0,0,0,1,0,1,0,0,2,0,1,0,0,4,5,1,1,0,1,5,4,2,4,22,1,0,1
327,0,1,17,0,1,0,3,2,0,0,0,0,1,0,0,1,0,0,0,0,1,0,1,0,0,1,0,1,0,0,4,3,1,0,0,0,4,4,3,4,18,1,0,1
328,0,0,18,1,1,1,1,1,1,0,0,0,0,0,1,0,0,0,0,0,0,1,1,0,0,2,0,1,1,0,5,3,0,1,0,0,2,2,1,1,2,4,0,0
329,0,0,18,0,0,1,1,1,0,0,1,0,0,0,1,0,0,0,0,0,1,0,1,0,0,2,0,0,0,0,5,4,1,1,0,0,4,4,1,1,0,2,0,1
330,0,0,17,0,0,1,2,2,0,0,1,0,0,0,1,0,0,0,1,0,0,0,1,0,0,1,0,1,1,1,5,5,1,0,0,0,4,5,1,2,12,2,0,0
331,0,0,18,0,0,1,2,1,0,0,1,0,0,0,1,0,0,0,0,0,0,1,1,0,0,2,0,1,0,0,4,5,1,1,0,1,3,1,1,1,10,2,0,0
332,0,1,17,0,0,1,1,1,0,0,1,0,0,0,1,0,0,0,0,0,0,1,0,1,0,1,0,1,0,1,4,4,1,0,0,0,3,3,1,2,0,2,0,1
333,0,0,18,0,0,1,2,2,1,0,0,0,0,0,0,0,0,1,0,1,0,0,1,0,0,1,0,1,1,0,4,2,1,0,0,0,3,3,1,2,0,3,0,0
334,0,0,17,0,0,1,1,1,0,0,0,1,0,1,0,0,0,0,0,0,0,1,1,0,0,1,0,1,1,0,4,3,1,0,0,0,3,3,1,1,0,3,0,0
335,0,1,18,0,0,1,2,1,0,0,0,1,0,0,0,1,0,0,0,0,0,1,1,0,0,1,0,1,0,0,4,2,1,1,0,0,2,4,1,3,0,3,0,0
336,0,1,18,0,1,0,4,4,0,0,0,0,1,1,0,0,0,0,0,0,0,1,1,0,0,1,0,1,1,0,5,2,1,1,0,0,4,3,1,1,0,2,0,0
337,0,1,18,0,0,1,4,2,0,0,0,0,1,0,1,0,0,0,0,0,1,0,1,0,0,1,0,1,1,0,4,5,1,1,0,1,3,2,1,4,2,2,0,0
338,0,0,17,0,0,1,4,3,0,1,0,0,0,0,0,1,0,0,0,0,0,1,1,0,0,1,0,1,1,0,4,3,1,0,0,0,2,2,1,2,0,3,0,0
339,0,0,17,1,1,1,3,1,0,0,0,1,0,0,1,0,0,0,0,0,0,1,1,0,0,2,0,1,1,0,3,3,0,0,0,0,1,2,1,1,0,4,0,0
340,0,1,18,1,1,1,3,2,0,0,0,1,0,0,1,0,0,0,0,0,0,1,1,0,0,2,0,1,1,0,5,4,1,1,0,0,4,2,1,1,0,3,0,0
341,0,1,17,0,0,1,3,3,0,1,0,0,0,0,1,0,0,0,0,0,1,0,1,0,0,1,0,1,1,0,4,5,1,0,0,0,4,3,1,3,0,1,0,0
342,0,0,19,0,0,1,4,4,0,1,0,0,0,0,1,0,0,0,0,0,0,1,0,0,1,2,0,1,1,0,2,2,1,1,0,0,3,4,2,3,2,2,0,1
343,0,0,18,0,1,1,4,3,0,0,1,0,0,0,1,0,0,0,0,0,1,0,0,0,1,2,0,1,1,0,4,2,1,0,0,1,4,5,1,2,0,2,0,0
344,0,0,18,0,0,1,4,3,0,0,1,0,0,0,1,0,0,0,0,0,0,1,0,1,0,1,0,1,1,0,4,3,1,0,0,0,3,3,1,1,0,4,0,0
345,0,1,18,0,1,1,4,4,0,0,0,0,1,1,0,0,0,0,0,0,1,0,1,0,0,1,0,1,1,0,1,1,1,0,0,1,4,2,2,2,0,1,0,0
346,0,0,18,0,1,0,4,4,0,1,0,0,0,0,1,0,0,0,0,0,1,0,1,0,0,1,0,1,1,0,4,4,1,0,0,1,2,4,1,1,0,2,1,0
347,0,1,17,0,1,1,4,4,0,0,1,0,0,1,0,0,0,0,0,0,1,0,0,1,0,2,0,1,0,0,4,5,1,0,0,0,1,1,2,2,0,1,0,1
348,0,0,17,1,0,1,4,4,0,0,0,1,0,0,0,1,0,0,0,0,0,1,1,0,0,2,0,1,1,0,5,5,1,1,0,0,3,4,1,1,0,3,0,1
349,0,0,17,0,0,1,4,2,0,0,1,0,0,0,1,0,0,0,0,0,0,1,1,0,0,2,0,1,1,0,4,3,1,0,0,0,3,3,1,1,0,3,0,0
350,0,0,17,0,0,1,3,2,0,1,0,0,0,0,0,0,1,0,0,0,0,1,0,1,0,1,0,1,1,1,5,5,1,1,0,0,2,2,1,2,0,4,0,0
351,0,1,19,1,1,1,2,1,1,0,0,0,0,0,0,1,0,0,1,0,0,0,1,0,0,2,1,1,0,0,4,5,1,1,0,1,3,1,1,1,0,3,0,1
352,0,1,20,0,0,0,3,2,0,0,0,1,0,0,1,0,0,0,1,0,0,0,0,0,1,1,2,1,0,0,5,5,0,1,0,0,5,3,1,1,0,1,0,0
353,0,1,19,1,0,1,3,3,0,0,1,0,0,0,0,1,0,0,0,0,0,1,0,1,0,1,0,1,0,0,4,5,0,1,0,1,5,3,1,2,0,2,0,1
354,0,0,18,0,0,1,1,4,0,0,1,0,0,1,0,0,0,0,0,0,1,0,1,0,0,1,0,0,1,1,3,5,0,0,0,1,4,4,1,2,2,2,0,1
355,0,0,18,0,0,1,2,1,0,0,0,1,0,0,1,0,0,0,1,0,0,0,1,0,0,2,0,1,1,0,5,1,1,1,0,0,3,3,1,2,2,2,0,0
356,0,0,17,0,0,1,2,3,0,0,1,0,0,0,1,0,0,0,1,0,0,0,0,1,0,2,0,1,0,0,4,3,1,1,0,1,2,1,1,1,2,2,0,0
357,0,0,17,1,0,1,4,4,0,0,0,0,1,1,0,0,0,0,1,0,0,0,1,0,0,1,0,1,0,0,4,5,1,1,0,0,4,4,1,1,2,1,0,0
358,0,0,18,0,0,1,4,3,0,0,1,0,0,0,1,0,0,0,1,0,0,0,1,0,0,1,0,1,1,0,4,5,1,1,0,1,3,4,1,1,2,3,0,0
359,0,0,18,0,1,1,4,3,0,1,0,0,0,0,0,1,0,0,1,0,0,0,1,0,0,2,0,1,1,0,3,1,1,0,0,0,2,4,1,4,8,1,0,0
360,0,0,17,1,0,1,3,4,1,0,0,0,0,0,0,1,0,0,1,0,0,0,0,1,0,1,0,1,1,1,4,5,1,1,0,0,3,4,2,5,2,3,0,0
361,0,0,18,0,0,1,3,3,1,0,0,0,0,0,1,0,0,0,1,0,0,0,0,1,0,1,0,1,1,0,4,3,1,0,0,0,1,4,1,1,8,2,0,0
362,0,1,19,0,0,1,4,2,0,1,0,0,0,0,1,0,0,0,1,0,0,0,1,0,0,2,0,1,1,0,5,1,1,1,0,1,4,4,1,1,9,2,0,1
363,0,0,18,0,0,1,4,4,0,0,0,0,1,0,1,0,0,0,1,0,0,0,1,0,0,1,0,1,1,0,4,5,1,0,0,0,4,4,3,3,0,2,0,1
364,0,0,18,0,0,1,3,4,0,0,1,0,0,0,1,0,0,0,1,0,0,0,1,0,0,1,0,1,1,0,5,1,1,1,0,1,4,4,1,1,4,1,0,0
365,0,0,17,0,0,1,4,4,0,1,0,0,0,0,0,0,1,0,1,0,0,0,1,0,0,1,0,1,0,0,5,5,1,1,0,0,3,4,1,2,2,1,0,0
366,0,0,17,0,0,0,4,3,0,0,0,1,0,0,0,1,0,0,1,0,0,0,1,0,0,1,0,1,1,0,5,5,1,0,0,1,2,2,1,2,14,2,0,0
367,0,0,17,0,1,0,3,3,0,0,0,1,0,0,1,0,0,0,0,0,1,0,1,0,0,1,0,0,1,0,5,5,1,0,0,0,3,3,1,1,0,2,0,1
368,0,0,17,0,1,1,2,1,0,0,1,0,0,0,1,0,0,0,0,0,1,0,0,1,0,1,0,1,0,0,4,2,1,1,0,0,2,3,2,2,2,2,0,0
369,0,1,18,0,1,1,4,4,0,0,1,0,0,0,1,0,0,0,0,0,0,1,0,1,0,1,0,1,1,0,4,5,1,0,0,0,2,5,3,4,2,1,0,1
370,0,0,19,0,0,1,1,1,0,0,1,0,0,0,1,0,0,0,1,0,0,0,0,0,1,3,0,1,0,0,1,5,0,1,1,1,5,5,4,3,12,3,0,1
371,0,0,19,0,1,0,1,1,0,0,1,0,0,0,1,0,0,0,1,0,0,0,0,0,1,3,2,1,1,1,5,4,1,0,0,1,3,4,1,1,2,2,0,1
372,0,0,18,0,0,1,2,2,0,0,1,0,0,0,1,0,0,0,1,0,0,0,1,0,0,1,0,1,1,0,4,5,1,1,0,1,3,5,2,4,2,1,0,1
373,0,0,17,0,0,1,2,2,0,0,1,0,0,0,1,0,0,0,1,0,0,0,1,0,0,1,0,1,1,0,4,3,0,0,0,1,2,2,1,1,4,2,0,1
374,0,0,17,1,1,1,2,2,0,0,0,1,0,0,0,1,0,0,1,0,0,0,1,0,0,1,0,1,1,0,3,3,1,1,0,0,3,2,2,2,0,3,0,1
375,0,0,17,0,0,1,3,1,0,0,0,1,0,0,0,1,0,0,1,0,0,0,0,1,0,1,0,1,1,1,3,5,1,0,0,0,4,3,2,3,0,3,0,0
376,0,0,17,0,1,1,0,2,1,0,0,0,0,0,0,0,0,1,0,0,1,0,0,1,0,2,0,1,0,0,3,2,1,0,0,0,3,3,2,3,0,3,0,0
377,0,0,18,0,0,1,1,1,0,0,1,0,0,0,1,0,0,0,0,0,1,0,1,0,0,2,0,1,0,0,4,2,1,1,0,0,5,5,1,2,0,3,0,0
378,0,1,18,0,0,1,4,4,0,0,1,0,0,0,1,0,0,0,1,0,0,0,1,0,0,1,0,1,0,0,4,3,1,1,0,0,3,3,2,2,0,3,0,1
379,0,1,17,0,0,1,3,3,0,0,1,0,0,0,0,1,0,0,0,0,0,1,1,0,0,1,0,1,0,1,4,5,1,1,0,0,3,5,3,5,0,1,0,0
380,0,1,17,1,0,1,2,2,0,0,0,1,0,0,1,0,0,0,1,0,0,0,1,0,0,4,0,1,1,0,4,4,1,0,0,0,4,5,5,5,2,1,0,1
381,0,0,17,0,0,1,4,4,0,0,0,0,1,0,0,1,0,0,1,0,0,0,1,0,0,1,0,1,1,0,5,4,1,1,0,0,4,4,1,3,0,3,0,1
382,0,0,17,0,0,1,4,4,0,0,0,0,1,1,0,0,0,0,1,0,0,0,1,0,0,2,0,1,1,1,4,4,1,0,0,1,3,3,1,2,4,3,0,0
383,0,0,17,0,0,1,3,3,1,0,0,0,0,0,1,0,0,0,1,0,0,0,1,0,0,1,0,1,1,0,4,5,1,1,0,0,2,5,2,5,2,1,1,1
384,0,1,18,0,1,1,2,2,0,0,1,0,0,0,1,0,0,0,1,0,0,0,1,0,0,1,0,1,1,0,4,5,1,1,0,0,5,5,2,4,0,4,1,1
385,0,1,19,1,0,1,3,2,1,0,0,0,0,0,0,1,0,0,0,0,1,0,0,0,1,1,0,1,1,1,5,5,0,0,0,1,3,4,2,2,0,1,0,1
386,0,0,18,0,0,1,2,2,1,0,0,0,0,0,1,0,0,0,1,0,0,0,1,0,0,4,0,1,0,0,4,2,0,1,0,1,2,5,1,1,2,2,0,1
387,0,0,17,1,0,1,2,4,1,0,0,0,0,0,1,0,0,0,1,0,0,0,0,1,0,1,0,1,1,0,4,5,1,0,0,1,4,3,1,1,0,3,0,0
388,0,1,18,0,0,1,2,2,0,0,1,0,0,0,1,0,0,0,0,0,0,1,1,0,0,1,0,1,0,1,5,5,1,0,0,0,4,2,1,2,6,1,0,0
389,0,0,18,0,0,1,3,3,0,0,0,1,0,0,0,1,0,0,0,0,1,0,1,0,0,1,0,1,0,0,5,4,1,1,0,0,3,4,1,1,8,2,0,1
390,0,0,18,0,1,1,2,2,0,0,1,0,0,0,1,0,0,0,0,0,1,0,0,0,1,1,0,1,0,1,4,2,1,1,0,1,3,3,1,1,0,2,0,1
391,0,0,18,1,0,1,2,2,1,0,0,0,0,0,1,0,0,0,1,0,0,0,1,0,0,2,0,1,0,0,4,4,0,1,0,0,4,4,1,1,6,4,0,0
392,0,0,17,0,0,1,3,4,0,0,0,1,0,0,1,0,0,0,1,0,0,0,1,0,0,1,0,1,0,0,4,5,1,0,0,0,4,5,1,3,8,3,0,0
393,0,0,17,0,0,1,3,2,0,0,1,0,0,0,1,0,0,0,0,0,1,0,1,0,0,1,0,1,1,0,4,2,1,0,0,1,3,2,2,3,0,2,0,0
394,0,0,18,0,1,1,3,3,0,0,0,1,0,0,0,1,0,0,0,0,1,0,1,0,0,1,0,1,1,0,5,1,1,0,0,0,3,3,1,1,4,4,0,0
395,0,0,17,1,0,0,3,2,0,0,1,0,0,0,1,0,0,0,0,0,1,0,1,0,0,1,0,1,1,0,4,2,1,0,0,0,3,3,2,3,0,2,0,0
396,0,1,18,0,0,1,4,4,0,0,0,0,1,0,0,1,0,0,0,0,1,0,0,1,0,1,0,1,1,0,4,2,1,1,0,0,3,3,2,2,0,2,0,1
397,0,1,18,0,1,1,3,4,0,0,0,1,0,0,1,0,0,0,0,0,1,0,1,0,0,1,0,1,0,0,4,5,1,1,0,1,3,3,1,3,6,2,0,0
398,0,0,17,0,0,0,2,2,1,0,0,0,0,0,0,0,0,1,0,0,1,0,0,1,0,1,0,1,1,0,3,4,1,0,0,1,3,1,1,2,18,2,0,0
399,0,0,18,0,0,1,2,3,1,0,0,0,0,0,1,0,0,0,1,0,0,0,1,0,0,1,0,1,1,0,4,3,1,0,0,0,3,3,1,2,0,3,0,0
400,0,0,18,0,0,1,3,2,0,0,1,0,0,0,0,1,0,0,0,1,0,0,1,0,0,1,0,1,0,0,5,1,1,0,0,1,4,3,2,3,4,3,0,0
401,0,1,18,1,0,1,4,3,0,0,0,0,1,0,0,1,0,0,1,0,0,0,1,0,0,1,0,1,0,0,5,4,1,0,0,1,3,2,1,2,4,3,0,0
402,0,1,18,0,0,1,4,3,0,0,0,0,1,0,1,0,0,0,1,0,0,0,1,0,0,1,0,1,1,0,5,5,1,0,0,1,4,5,2,3,0,3,0,0
403,0,0,17,0,0,1,4,3,0,1,0,0,0,0,1,0,0,0,0,0,0,1,1,0,0,1,0,1,1,0,4,4,1,1,0,1,4,3,1,3,0,3,0,1
404,0,0,17,0,0,1,2,1,0,0,0,1,0,0,1,0,0,0,1,0,0,0,1,0,0,2,0,1,1,0,4,1,1,1,0,1,3,4,2,2,10,2,0,0
405,0,0,17,0,0,1,2,1,0,0,0,1,0,0,1,0,0,0,0,0,0,1,1,0,0,1,0,1,1,0,4,4,1,1,0,0,3,5,2,4,4,2,0,0
406,0,0,19,0,1,0,2,3,1,0,0,0,0,0,1,0,0,0,0,0,1,0,0,0,1,2,1,1,0,0,2,5,1,0,1,0,2,3,3,4,16,1,0,1
407,0,0,17,0,0,1,3,1,0,0,1,0,0,0,0,0,0,1,0,0,1,0,1,0,0,1,1,1,1,0,4,3,1,0,0,1,1,2,1,1,6,1,1,1
408,0,0,21,0,1,1,4,4,0,0,1,0,0,0,1,0,0,0,0,0,0,1,0,0,1,1,2,1,0,0,3,5,1,1,0,0,3,2,1,1,0,3,1,1
409,0,1,18,0,1,1,2,2,0,0,0,1,0,0,0,1,0,0,0,0,0,1,1,0,0,1,0,1,1,1,4,3,1,1,1,0,4,4,1,3,11,2,0,1
410,0,1,18,0,1,0,3,4,0,0,1,0,0,0,1,0,0,0,0,0,0,1,0,0,1,1,0,1,0,0,4,2,1,1,0,1,3,5,1,4,9,2,0,0
411,0,0,17,0,0,1,2,2,0,0,0,1,0,0,0,1,0,0,0,0,0,1,1,0,0,1,0,1,1,0,4,4,1,1,0,0,3,4,1,3,0,2,0,0
412,0,1,17,0,1,0,4,4,0,1,0,0,0,0,1,0,0,0,0,0,0,1,1,0,0,1,0,1,1,0,4,4,1,0,0,0,4,2,1,2,2,3,0,0
413,0,0,18,0,1,1,4,2,0,0,0,0,1,0,1,0,0,0,1,0,0,0,1,0,0,1,0,1,1,0,4,3,1,1,0,0,2,2,1,1,0,2,0,0
414,0,1,21,1,1,1,1,1,1,0,0,0,0,0,1,0,0,0,1,0,0,0,0,0,1,2,2,1,1,0,5,4,1,1,1,1,3,3,5,2,21,2,0,1
415,0,0,20,1,0,1,1,1,0,0,1,0,0,0,1,0,0,0,0,0,0,1,0,0,1,2,0,1,0,0,3,3,1,0,0,1,2,2,1,3,8,3,0,0
416,0,0,19,0,0,1,4,4,0,0,0,0,1,0,1,0,0,0,0,0,1,0,0,0,1,1,1,1,1,0,3,5,1,0,0,1,2,5,4,4,5,1,0,1
417,0,1,17,0,1,0,3,2,0,0,1,0,0,0,1,0,0,0,0,0,0,1,1,0,0,1,0,1,1,0,4,5,1,0,0,0,4,4,1,2,10,2,0,0
418,0,0,18,0,0,1,3,2,1,0,0,0,0,0,1,0,0,0,0,0,0,1,0,1,0,1,0,1,1,0,4,2,1,0,0,1,3,4,1,2,5,3,0,0
419,0,1,18,1,0,1,2,3,0,0,1,0,0,0,0,1,0,0,0,0,0,1,0,1,0,1,0,1,0,0,3,4,1,0,0,0,1,3,4,5,13,1,0,0
420,0,1,19,0,0,1,2,1,0,0,1,0,0,0,1,0,0,0,0,0,0,1,1,0,0,1,0,1,0,0,5,4,1,0,0,0,3,4,1,4,10,1,0,1
421,0,0,18,0,1,0,2,2,0,0,0,1,0,0,1,0,0,0,0,0,0,1,1,0,0,2,0,1,1,0,4,4,1,0,0,0,1,4,1,3,10,2,0,0
422,0,0,20,0,0,1,1,0,0,0,1,0,0,0,1,0,0,0,0,0,0,1,1,0,0,2,1,0,0,0,5,5,1,0,0,1,3,1,1,1,5,1,0,1
423,0,0,18,0,0,1,3,2,0,0,0,1,0,0,1,0,0,0,0,0,1,0,1,0,0,1,0,1,1,1,3,1,1,1,0,1,1,2,1,2,4,2,0,1
424,1,0,16,0,0,1,1,3,1,0,0,0,0,0,1,0,0,0,0,1,0,0,0,1,0,2,0,1,1,0,4,5,1,0,1,1,3,3,1,3,11,1,0,1
425,1,0,16,1,0,1,2,2,0,0,1,0,0,0,1,0,0,0,1,0,0,0,1,0,0,2,0,1,1,0,4,5,1,1,0,0,4,4,1,1,0,2,0,1
426,1,0,15,1,0,1,1,1,1,0,0,0,0,0,0,1,0,0,0,1,0,0,1,0,0,1,1,1,1,0,4,2,0,0,0,1,1,3,1,1,6,1,0,1
427,1,0,15,1,0,1,3,3,1,0,0,0,0,0,1,0,0,0,1,0,0,0,1,0,0,2,0,1,1,0,5,5,1,0,0,0,4,4,2,3,4,1,0,1
428,1,0,16,1,0,1,2,3,1,0,0,0,0,0,0,1,0,0,1,0,0,0,1,0,0,2,0,1,0,0,4,5,0,0,0,0,5,2,1,2,0,2,0,0
429,1,0,15,1,1,1,2,1,1,0,0,0,0,0,1,0,0,0,0,0,1,0,1,0,0,2,0,1,0,0,1,1,0,0,1,0,3,4,1,1,0,1,0,1
430,1,1,16,1,1,0,4,4,1,0,0,0,0,0,1,0,0,0,0,0,1,0,1,0,0,1,0,1,1,0,5,2,0,0,0,0,3,2,1,3,5,2,0,1
431,1,1,16,0,0,0,1,2,0,0,1,0,0,0,1,0,0,0,0,1,0,0,1,0,0,1,0,0,0,0,4,5,1,0,0,0,4,3,1,1,0,3,0,1
432,1,0,17,1,0,1,3,2,1,0,0,0,0,0,1,0,0,0,1,0,0,0,0,1,0,1,1,1,0,0,4,5,0,0,0,1,5,4,1,2,0,2,0,1
433,1,0,17,1,0,1,1,1,0,0,1,0,0,0,1,0,0,0,0,1,0,0,0,1,0,1,1,1,1,1,5,5,1,0,1,0,4,4,2,2,0,1,0,1
434,1,0,15,1,0,1,4,4,0,0,0,0,1,0,1,0,0,0,1,0,0,0,1,0,0,2,0,1,0,0,1,5,1,0,0,1,5,1,3,5,0,1,0,0
435,1,0,16,0,1,0,2,2,1,0,0,0,0,0,1,0,0,0,0,0,0,1,1,0,0,2,0,1,0,1,1,1,0,1,1,1,2,1,1,1,4,4,0,1
436,1,0,15,1,1,1,1,1,1,0,0,0,0,0,0,1,0,0,0,0,0,1,0,1,0,2,0,1,1,0,5,4,1,0,0,0,4,3,1,2,0,2,0,1
437,1,0,15,1,1,1,1,1,0,0,1,0,0,0,0,1,0,0,1,0,0,0,1,0,0,2,1,1,1,0,4,2,1,0,0,1,4,3,1,2,4,1,0,1
438,1,0,16,1,0,1,0,2,0,0,1,0,0,0,1,0,0,0,0,1,0,0,1,0,0,2,0,1,1,0,3,2,0,1,0,0,2,3,1,2,0,1,0,1
439,1,0,17,1,0,1,2,3,0,0,1,0,0,0,1,0,0,0,1,0,0,0,1,0,0,2,0,1,1,0,5,3,1,0,0,0,5,5,1,3,2,1,0,1
440,1,0,15,1,0,1,3,3,0,0,1,0,0,0,0,1,0,0,1,0,0,0,0,1,0,2,0,1,0,1,4,4,1,0,0,0,1,3,1,1,0,1,0,0
441,1,1,16,0,0,1,1,1,1,0,0,0,0,0,0,1,0,0,0,0,1,0,1,0,0,2,0,1,1,0,5,3,0,1,0,1,4,5,4,5,0,2,0,1
442,1,1,17,0,0,1,1,1,0,0,1,0,0,0,1,0,0,0,0,0,1,0,1,0,0,1,0,1,0,1,4,5,1,0,0,0,4,3,2,4,4,2,1,1
443,1,1,15,1,1,1,4,1,0,1,0,0,0,0,0,1,0,0,0,0,0,1,0,1,0,1,0,1,1,0,5,2,1,1,0,0,3,4,1,2,0,2,0,0
444,1,1,15,1,1,1,4,1,0,1,0,0,0,0,0,1,0,0,0,0,0,1,0,1,0,1,0,1,1,0,5,2,1,1,0,0,3,4,1,2,7,2,0,1
445,1,1,16,1,0,1,3,4,0,0,1,0,0,0,0,0,1,0,0,1,0,0,1,0,0,3,0,1,0,1,3,5,0,0,0,0,4,5,1,2,4,2,0,1
446,1,1,15,1,0,1,1,1,0,0,1,0,0,0,1,0,0,0,1,0,0,0,1,0,0,4,0,1,1,0,5,4,0,1,0,1,4,5,2,4,8,2,0,1
447,1,1,15,0,1,1,3,3,1,0,0,0,0,0,0,0,0,1,0,0,0,1,0,1,0,1,0,1,1,0,5,5,1,1,0,0,3,3,1,1,0,2,0,1
448,1,1,17,1,0,1,2,1,0,0,1,0,0,0,1,0,0,0,0,1,0,0,1,0,0,3,0,1,0,0,5,3,0,1,1,1,5,5,5,5,8,1,0,1
449,1,0,16,1,0,1,4,4,0,0,0,0,1,1,0,0,0,0,1,0,0,0,1,0,0,2,0,1,0,0,4,4,1,1,0,1,2,2,1,1,6,3,0,0
450,1,0,15,1,0,1,1,2,0,0,1,0,0,0,0,1,0,0,1,0,0,0,1,0,0,2,0,1,0,0,5,1,0,0,0,0,1,2,1,1,3,1,0,1
451,1,0,16,1,0,1,2,3,0,0,1,0,0,0,0,1,0,0,1,0,0,0,1,0,0,3,0,1,1,0,4,1,1,0,0,0,5,4,1,2,2,2,0,0
452,1,1,16,1,0,1,1,2,0,0,1,0,0,0,1,0,0,0,1,0,0,0,0,1,0,2,0,1,0,0,4,5,0,0,0,0,3,3,1,1,0,2,0,1
453,1,0,16,1,0,1,2,2,0,0,1,0,0,0,1,0,0,0,1,0,0,0,1,0,0,3,0,1,1,0,4,4,1,0,0,0,4,5,1,1,4,2,0,1
454,1,0,16,0,0,1,1,2,0,0,1,0,0,0,0,1,0,0,1,0,0,0,1,0,0,1,1,1,1,0,1,4,0,0,0,0,3,2,1,2,0,3,0,1
455,1,0,16,0,0,1,1,2,0,0,1,0,0,0,0,1,0,0,1,0,0,0,1,0,0,1,1,1,1,0,1,4,0,0,0,0,3,2,1,2,3,3,0,1
456,1,0,15,0,0,1,2,1,1,0,0,0,0,0,1,0,0,0,0,0,1,0,1,0,0,1,0,0,1,1,4,2,1,0,0,0,4,2,3,3,0,2,0,1
457,1,0,16,0,0,1,1,1,1,0,0,0,0,0,1,0,0,0,1,0,0,0,0,1,0,1,0,1,1,1,5,2,0,0,0,1,4,3,2,1,0,2,0,0
458,1,1,17,1,1,1,1,2,1,0,0,0,0,0,0,1,0,0,0,0,0,1,1,0,0,1,0,1,1,0,5,3,1,1,0,0,5,5,5,5,4,1,0,1
459,1,0,16,1,0,1,1,1,0,0,1,0,0,0,1,0,0,0,0,0,1,0,0,1,0,4,0,1,1,1,4,1,1,0,0,0,3,2,1,1,0,4,0,1
460,1,0,16,1,0,1,1,1,1,0,0,0,0,0,1,0,0,0,0,1,0,0,0,1,0,4,0,0,1,0,4,5,0,0,0,0,4,3,1,1,2,3,0,1
461,1,0,15,1,0,1,1,1,1,0,0,0,0,0,1,0,0,0,0,0,1,0,0,1,0,2,0,1,1,0,4,2,1,1,0,0,3,3,1,1,1,2,0,1
462,1,0,16,1,0,1,1,1,1,0,0,0,0,0,1,0,0,0,0,1,0,0,1,0,0,2,0,1,0,0,4,2,1,1,0,1,2,2,4,3,0,1,0,0
463,1,0,15,1,0,1,1,1,1,0,0,0,0,0,0,0,0,1,1,0,0,0,0,1,0,3,0,1,1,0,4,2,0,0,0,0,2,1,1,2,0,2,0,0
464,1,0,15,1,1,1,2,2,0,0,1,0,0,0,1,0,0,0,0,1,0,0,0,1,0,1,0,0,1,0,4,5,0,0,0,0,4,3,2,2,2,3,0,1
465,1,1,16,1,0,1,1,1,1,0,0,0,0,0,1,0,0,0,0,1,0,0,0,1,0,2,0,1,0,0,3,5,0,1,0,0,4,4,3,4,6,1,0,1
466,1,0,18,0,0,1,1,2,0,0,1,0,0,0,1,0,0,0,1,0,0,0,0,1,0,1,1,1,1,0,3,5,1,1,0,1,4,4,2,3,9,2,0,1
467,1,1,15,0,0,1,3,1,0,0,1,0,0,0,0,1,0,0,0,0,1,0,1,0,0,2,0,1,1,0,3,4,0,0,0,0,2,3,1,3,0,1,0,1
468,1,0,16,1,0,1,2,2,0,0,1,0,0,0,0,1,0,0,1,0,0,0,0,1,0,3,0,1,1,0,5,2,1,1,0,0,3,4,1,1,1,2,0,0
469,1,1,15,0,0,1,2,2,0,1,0,0,0,0,1,0,0,0,0,0,0,1,1,0,0,3,0,1,0,0,4,4,0,0,0,0,3,3,1,2,1,1,0,1
470,1,1,16,0,0,1,4,4,0,0,1,0,0,1,0,0,0,0,1,0,0,0,0,1,0,1,0,1,1,0,4,3,0,1,0,1,3,1,1,1,0,2,0,1
471,1,0,15,1,0,1,3,3,0,0,0,1,0,0,1,0,0,0,0,0,0,1,1,0,0,1,0,1,1,0,4,1,1,0,0,1,5,4,1,1,4,2,0,1
472,1,0,16,1,0,1,2,2,1,0,0,0,0,0,1,0,0,0,1,0,0,0,1,0,0,2,1,1,1,1,4,5,0,1,0,0,4,4,2,3,2,2,0,1
473,1,0,16,1,1,1,2,2,0,0,1,0,0,0,1,0,0,0,0,0,1,0,0,1,0,3,0,1,1,0,4,4,0,1,0,1,3,2,1,1,0,1,0,0
474,1,1,16,0,1,1,2,1,1,0,0,0,0,0,0,1,0,0,1,0,0,0,1,0,0,2,0,1,1,0,2,4,1,1,0,0,4,3,2,3,4,1,0,1
475,1,1,15,1,1,1,1,3,1,0,0,0,0,0,1,0,0,0,0,0,0,1,0,1,0,3,0,1,1,0,4,3,1,1,0,0,2,4,3,5,2,1,0,1
476,1,0,15,0,0,1,2,2,0,0,1,0,0,0,0,1,0,0,1,0,0,0,1,0,0,2,0,1,1,0,5,4,0,1,0,0,3,2,1,1,0,3,0,0
477,1,0,16,1,1,1,2,1,0,0,1,0,0,0,1,0,0,0,0,0,1,0,1,0,0,1,0,1,1,0,5,5,1,0,0,1,4,3,1,1,2,1,0,1
478,1,1,15,0,0,1,3,3,0,0,0,1,0,0,0,1,0,0,1,0,0,0,0,1,0,2,0,1,1,1,4,3,1,1,0,0,3,3,2,4,11,1,0,1
479,1,0,16,1,0,1,1,1,1,0,0,0,0,0,1,0,0,0,1,0,0,0,0,1,0,2,3,0,1,0,3,1,0,0,0,0,4,3,1,1,0,2,0,1
480,1,0,17,0,0,1,2,2,0,0,1,0,0,0,0,0,0,1,1,0,0,0,1,0,0,1,0,1,1,0,4,5,0,1,1,0,5,3,1,1,4,1,0,1
481,1,0,19,0,0,1,2,3,1,0,0,0,0,0,0,1,0,0,1,0,0,0,0,0,1,1,1,1,0,0,4,2,1,0,1,1,4,4,1,1,0,1,0,1
482,1,0,17,1,0,1,2,1,1,0,0,0,0,0,1,0,0,0,1,0,0,0,1,0,0,3,0,1,1,0,5,3,0,1,1,1,5,3,1,1,2,1,0,1
483,1,0,15,1,1,1,1,1,1,0,0,0,0,0,1,0,0,0,1,0,0,0,1,0,0,2,0,1,1,0,5,4,0,0,1,1,2,1,1,3,0,1,0,1
484,1,0,16,1,0,1,2,2,0,0,1,0,0,0,1,0,0,0,1,0,0,0,0,1,0,3,0,1,1,0,3,1,1,0,1,0,4,5,1,2,1,2,0,1
485,1,0,16,0,1,0,2,2,0,0,1,0,0,0,1,0,0,0,0,0,1,0,1,0,0,1,0,1,1,0,4,1,0,0,1,0,3,4,1,2,6,1,0,1
486,1,0,17,1,0,1,2,2,1,0,0,0,0,0,1,0,0,0,1,0,0,0,1,0,0,2,0,1,1,0,4,4,1,0,0,0,3,5,1,2,0,2,0,1
487,1,0,16,0,0,1,2,2,0,0,1,0,0,0,0,1,0,0,1,0,0,0,0,1,0,1,1,1,1,1,4,3,1,1,0,0,4,3,1,4,1,1,1,1
488,1,0,18,1,1,0,3,2,0,0,1,0,0,0,1,0,0,0,1,0,0,0,0,0,1,2,2,1,1,1,3,2,0,0,1,1,3,2,1,1,6,3,0,1
489,1,0,19,0,0,1,1,1,1,0,0,0,0,0,0,1,0,0,1,0,0,0,1,0,0,1,1,1,0,0,5,3,0,1,1,1,3,1,1,1,6,3,0,1
490,1,1,18,1,0,1,1,1,0,0,1,0,0,0,1,0,0,0,0,0,1,0,1,0,0,2,1,1,0,0,4,4,1,1,1,0,4,3,3,4,0,1,0,1
491,1,0,18,1,0,1,1,1,1,0,0,0,0,0,0,0,0,1,1,0,0,0,1,0,0,2,1,1,0,1,3,2,1,0,1,1,2,3,1,1,4,1,0,1
492,1,0,19,0,0,1,1,1,0,0,1,0,0,0,1,0,0,0,1,0,0,0,0,0,1,2,1,1,1,0,1,1,1,0,0,1,1,4,4,1,12,2,0,1
493,1,0,16,1,0,0,2,2,0,1,0,0,0,0,1,0,0,0,1,0,0,0,1,0,0,1,0,1,0,1,3,3,0,0,0,1,3,2,1,1,2,2,0,1
494,1,0,17,0,0,1,0,1,0,0,1,0,0,0,0,0,0,1,1,0,0,0,0,1,0,2,0,1,0,1,2,5,0,1,0,0,4,4,3,5,5,1,0,1
495,1,0,16,1,1,1,1,2,1,0,0,0,0,0,1,0,0,0,1,0,0,0,1,0,0,1,0,1,0,0,4,3,1,1,1,0,4,5,1,3,0,2,0,1
496,1,0,16,0,0,1,3,3,0,0,1,0,0,0,1,0,0,0,0,0,0,1,1,0,0,1,0,1,0,0,4,4,1,1,1,1,5,4,1,1,0,1,0,1
497,1,0,16,1,1,1,1,1,0,0,0,1,0,0,0,1,0,0,0,0,1,0,1,0,0,1,0,1,1,0,4,4,1,1,0,1,4,4,2,2,2,1,0,0
498,1,1,17,0,0,1,3,3,0,0,0,1,0,0,0,0,0,1,1,0,0,0,1,0,0,2,1,1,1,0,5,5,0,1,0,0,4,5,3,4,0,4,1,1
499,1,0,16,0,0,1,2,1,0,0,1,0,0,0,0,1,0,0,1,0,0,0,1,0,0,1,0,1,1,0,5,1,1,1,0,0,3,3,1,1,0,2,0,0
500,1,0,16,0,0,1,2,2,0,0,0,1,0,0,1,0,0,0,1,0,0,0,1,0,0,1,0,1,1,0,4,5,0,1,0,1,2,5,1,2,0,1,1,0
501,1,1,17,0,0,1,1,2,0,0,1,0,0,0,1,0,0,0,1,0,0,0,0,1,0,1,1,1,1,0,5,1,1,1,1,1,3,5,5,5,12,1,0,1
502,1,1,16,0,1,1,4,3,0,0,1,0,0,0,1,0,0,0,1,0,0,0,0,1,0,1,0,1,0,0,4,5,1,1,0,0,2,5,1,5,8,1,0,1
503,1,1,17,1,1,1,2,2,0,0,0,1,0,0,0,1,0,0,0,1,0,0,1,0,0,3,1,1,1,0,1,3,0,0,0,0,3,5,3,5,2,4,0,1
504,1,0,16,0,0,1,1,1,0,0,1,0,0,0,1,0,0,0,1,0,0,0,0,0,1,1,0,0,1,0,2,5,1,1,0,0,2,1,1,1,0,4,0,0
505,1,0,19,0,1,1,2,2,0,0,1,0,0,0,1,0,0,0,0,0,1,0,1,0,0,1,0,1,0,0,5,1,1,0,0,1,4,5,1,1,0,3,0,1
506,1,0,17,1,0,1,1,1,1,0,0,0,0,0,1,0,0,0,0,0,0,1,1,0,0,2,0,1,1,1,4,5,1,1,0,1,4,5,1,2,0,1,0,1
507,1,0,20,0,0,1,3,3,1,0,0,0,0,0,0,1,0,0,0,1,0,0,1,0,0,2,1,1,0,0,3,3,1,1,0,1,3,4,2,4,8,2,0,1
508,1,0,17,0,1,1,1,1,0,0,1,0,0,0,0,1,0,0,1,0,0,0,0,1,0,1,0,1,1,0,4,3,0,0,0,1,3,3,1,1,0,3,0,1
509,1,1,17,1,0,1,2,2,0,0,1,0,0,0,1,0,0,0,1,0,0,0,1,0,0,3,1,1,1,1,4,5,1,0,0,0,4,5,1,2,0,1,0,1
510,1,0,16,1,1,1,1,1,1,0,0,0,0,0,1,0,0,0,1,0,0,0,0,1,0,3,0,1,1,0,5,1,0,0,0,0,3,2,1,1,0,2,0,0
511,1,0,17,1,0,1,2,2,0,0,1,0,0,0,1,0,0,0,0,0,0,1,1,0,0,2,0,1,1,0,5,1,0,1,0,0,3,2,1,1,0,2,0,0
512,1,0,17,0,0,0,1,0,0,0,1,0,0,0,1,0,0,0,0,1,0,0,1,0,0,2,0,1,0,0,4,4,1,0,0,1,4,5,1,1,1,2,0,1
513,1,0,18,1,0,1,1,1,1,0,0,0,0,0,1,0,0,0,0,1,0,0,1,0,0,1,1,1,1,0,4,5,1,0,0,1,3,2,1,1,9,2,0,1
514,1,0,16,0,0,1,3,1,0,0,1,0,0,0,1,0,0,0,1,0,0,0,1,0,0,1,0,1,0,0,3,1,1,1,0,0,1,3,1,3,0,1,0,1
515,1,0,16,0,0,1,3,2,0,0,0,1,0,0,0,0,0,1,1,0,0,0,1,0,0,1,0,1,0,0,3,3,1,0,0,0,1,3,1,4,2,1,0,1
516,1,0,18,0,1,1,1,1,0,0,1,0,0,0,0,0,0,1,0,0,0,1,1,0,0,2,0,0,0,0,2,3,0,0,0,0,3,5,1,4,8,2,0,1
517,1,0,16,1,0,1,4,4,0,1,0,0,0,1,0,0,0,0,0,0,0,1,0,1,0,1,0,1,0,1,4,2,1,1,0,1,3,3,2,3,0,2,0,0
518,1,0,16,1,1,1,1,2,0,0,1,0,0,0,1,0,0,0,0,0,0,1,1,0,0,2,0,1,0,0,5,2,1,1,0,0,4,5,1,4,0,1,0,0
519,1,0,18,0,0,0,2,4,0,0,1,0,0,0,0,1,0,0,0,0,0,1,0,1,0,1,1,1,1,0,2,1,1,0,0,0,3,2,1,3,8,2,0,1
520,1,1,16,1,0,1,2,1,0,0,1,0,0,0,0,1,0,0,0,0,0,1,1,0,0,2,0,1,0,0,5,2,1,1,0,0,2,1,1,1,0,2,0,1
521,1,0,16,0,1,1,1,1,1,0,0,0,0,0,1,0,0,0,0,1,0,0,1,0,0,3,0,1,1,0,4,5,1,0,0,0,3,2,1,3,6,2,0,1
522,1,0,16,1,0,1,2,3,1,0,0,0,0,0,0,1,0,0,0,1,0,0,1,0,0,2,0,1,1,0,3,2,1,1,0,0,3,3,1,1,0,2,0,1
523,1,0,16,0,0,1,4,4,0,1,0,0,0,0,0,0,1,0,1,0,0,0,1,0,0,1,0,1,1,0,4,3,1,0,0,1,3,4,1,2,4,2,0,1
524,1,1,18,0,1,1,4,4,1,0,0,0,0,0,0,0,1,0,0,0,1,0,1,0,0,1,0,1,1,0,5,5,1,1,1,1,5,5,5,5,2,4,0,1
525,1,0,16,1,1,1,3,4,1,0,0,0,0,0,1,0,0,0,0,1,0,0,1,0,0,3,0,1,1,1,4,2,0,0,0,0,2,1,1,1,2,2,0,1
526,1,1,17,0,1,1,4,4,0,0,1,0,0,0,0,1,0,0,0,0,1,0,1,0,0,1,0,1,1,0,4,5,1,0,0,0,4,3,1,2,0,3,0,0
527,1,0,17,1,0,1,4,1,0,0,1,0,0,0,1,0,0,0,0,1,0,0,1,0,0,1,0,1,0,0,4,5,1,0,0,1,2,3,1,2,1,1,0,0
528,1,1,16,0,1,1,2,2,0,0,0,1,0,0,0,1,0,0,0,1,0,0,1,0,0,4,0,1,0,0,5,3,0,0,0,0,1,3,2,2,0,3,0,1
529,1,0,17,1,0,1,2,2,1,0,0,0,0,0,1,0,0,0,0,1,0,0,1,0,0,1,0,1,1,0,5,5,1,0,0,0,1,3,1,2,5,1,1,1
530,1,0,16,0,1,1,4,4,0,0,0,1,0,0,0,1,0,0,0,1,0,0,0,1,0,2,0,1,1,0,5,5,0,0,0,0,1,3,1,2,1,1,0,1
531,1,1,17,0,0,1,3,3,0,0,0,1,0,0,0,1,0,0,0,0,1,0,1,0,0,1,0,1,1,0,4,3,1,1,0,0,1,4,5,5,8,1,0,1
532,1,1,17,0,0,1,1,1,1,0,0,0,0,0,0,1,0,0,0,1,0,0,1,0,0,3,0,1,0,0,5,1,1,0,0,1,1,3,3,3,0,2,0,1
533,1,1,16,0,0,1,2,1,0,1,0,0,0,0,0,1,0,0,0,1,0,0,1,0,0,2,0,1,0,1,4,5,1,0,0,1,2,2,1,4,2,2,0,1
534,1,0,16,0,1,1,2,1,0,0,1,0,0,0,0,1,0,0,0,1,0,0,1,0,0,1,0,1,0,0,3,3,1,0,0,1,2,2,1,1,0,2,0,0
535,1,1,16,0,1,1,4,4,0,0,0,0,1,0,0,0,1,0,0,1,0,0,0,1,0,1,0,1,1,0,4,5,1,0,0,0,1,2,2,5,0,1,0,1
536,1,1,15,1,0,1,1,2,0,0,1,0,0,0,0,1,0,0,1,0,0,0,1,0,0,3,0,1,1,0,5,5,0,1,0,0,5,5,1,3,11,2,0,1
537,1,1,15,0,1,0,2,2,0,0,1,0,0,0,1,0,0,0,0,0,0,1,1,0,0,3,0,1,1,0,5,5,0,1,0,0,4,5,2,3,8,4,0,0
538,1,1,15,0,1,0,2,1,0,0,0,1,0,0,0,1,0,0,1,0,0,0,1,0,0,1,0,1,0,0,4,5,1,1,0,0,3,3,1,2,11,1,0,1
539,1,0,16,1,1,1,2,2,0,0,1,0,0,0,1,0,0,0,1,0,0,0,1,0,0,1,0,1,1,1,4,5,0,0,0,1,3,3,2,2,2,3,0,1
540,1,0,16,0,1,1,4,1,0,0,1,0,0,0,1,0,0,0,0,0,1,0,1,0,0,2,0,1,1,0,1,1,1,1,0,0,2,4,2,2,8,2,0,1
541,1,0,17,0,0,1,3,2,1,0,0,0,0,0,1,0,0,0,0,0,1,0,1,0,0,2,0,1,0,0,4,1,0,0,0,1,3,3,2,2,5,1,0,1
542,1,0,17,1,0,1,2,2,0,0,1,0,0,0,1,0,0,0,0,1,0,0,1,0,0,2,0,0,0,0,5,5,0,0,0,0,1,3,1,1,0,2,1,1
543,1,0,16,0,0,1,4,4,0,0,0,0,1,0,0,1,0,0,1,0,0,0,1,0,0,2,0,1,1,0,5,5,1,0,0,1,3,5,1,4,1,3,0,1
544,1,1,17,1,0,1,4,4,0,1,0,0,0,0,1,0,0,0,1,0,0,0,0,1,0,3,3,1,0,0,3,5,1,1,0,1,3,3,1,3,2,1,0,1
545,1,1,17,1,1,1,1,3,0,0,1,0,0,0,1,0,0,0,1,0,0,0,0,1,0,2,0,1,0,0,5,5,0,1,0,1,1,2,3,3,2,1,0,1
546,1,1,17,0,0,1,3,4,0,0,0,1,0,0,1,0,0,0,0,1,0,0,1,0,0,1,1,1,1,1,5,5,1,1,0,1,4,4,3,4,8,2,0,1
547,1,0,17,0,0,1,4,4,0,1,0,0,0,0,0,0,1,0,1,0,0,0,0,1,0,1,0,1,1,0,5,5,1,0,0,0,2,5,1,1,0,2,0,0
548,1,1,16,1,1,1,4,1,0,0,1,0,0,0,0,0,0,1,0,1,0,0,0,1,0,1,0,1,0,0,4,2,1,0,0,0,1,2,2,1,0,1,0,1
549,1,0,17,0,0,0,1,1,1,0,0,0,0,0,0,0,0,1,0,1,0,0,1,0,0,1,0,1,0,0,4,3,1,1,0,1,5,5,1,2,2,2,0,1
550,1,0,17,1,0,1,4,2,0,0,1,0,0,0,1,0,0,0,1,0,0,0,1,0,0,2,0,0,1,1,4,5,1,0,0,0,3,3,2,3,0,2,0,0
551,1,1,16,0,1,0,2,2,0,0,1,0,0,0,0,1,0,0,1,0,0,0,0,1,0,2,0,1,1,1,4,5,1,0,0,1,1,2,2,2,0,2,0,1
552,1,1,17,0,0,1,3,2,0,0,1,0,0,0,1,0,0,0,0,1,0,0,0,1,0,2,0,1,1,0,4,1,1,0,0,0,1,2,2,2,0,2,1,1
553,1,1,19,0,0,1,1,1,0,0,1,0,0,0,1,0,0,0,0,1,0,0,1,0,0,1,2,1,1,0,4,4,1,1,1,0,4,3,3,4,2,2,0,1
554,1,1,17,0,1,0,1,0,0,0,1,0,0,0,1,0,0,0,0,0,1,0,1,0,0,1,0,1,0,0,4,5,0,0,0,1,1,2,1,1,4,1,0,1
555,1,0,17,1,0,1,1,1,1,0,0,0,0,0,0,0,0,1,1,0,0,0,0,1,0,2,0,1,1,0,3,4,1,1,1,1,5,5,2,2,3,1,0,1
556,1,0,16,1,0,1,1,2,0,0,1,0,0,0,1,0,0,0,0,0,1,0,0,1,0,1,0,0,1,1,4,3,1,0,0,1,3,4,1,1,5,3,0,1
557,1,1,16,1,1,1,1,2,0,0,1,0,0,0,0,0,0,1,1,0,0,0,1,0,0,1,0,1,0,0,4,5,0,0,0,0,4,4,2,4,4,1,0,1
558,1,0,17,1,0,1,3,1,0,0,1,0,0,0,1,0,0,0,1,0,0,0,1,0,0,2,3,1,1,1,5,5,1,1,0,1,4,4,1,1,2,2,0,1
559,1,1,17,1,0,1,2,2,0,0,1,0,0,0,1,0,0,0,1,0,0,0,1,0,0,2,0,1,0,0,5,5,0,1,1,1,5,5,3,5,0,1,0,1
560,1,1,18,1,0,1,1,0,1,0,0,0,0,0,0,0,0,1,1,0,0,0,0,0,1,3,1,0,1,0,4,4,0,0,0,0,3,2,1,1,0,1,0,1
561,1,1,17,1,0,1,1,1,0,0,1,0,0,0,0,1,0,0,1,0,0,0,1,0,0,2,0,1,1,1,4,2,1,1,0,1,5,5,1,3,0,1,0,1
562,1,1,18,0,1,1,1,1,1,0,0,0,0,0,0,0,0,1,1,0,0,0,1,0,0,2,0,1,1,0,4,5,0,1,0,0,3,3,1,4,6,2,0,1
563,1,0,16,1,1,1,2,2,0,0,1,0,0,0,0,1,0,0,1,0,0,0,0,1,0,1,0,1,0,0,5,1,0,1,0,1,4,3,1,1,0,2,0,1
564,1,1,17,0,0,1,2,2,0,0,1,0,0,0,1,0,0,0,1,0,0,0,1,0,0,1,1,1,0,0,1,5,0,1,0,1,2,1,2,3,0,1,0,1
565,1,1,16,1,0,1,3,2,0,0,0,1,0,0,1,0,0,0,1,0,0,0,0,1,0,2,0,1,0,0,4,5,1,0,0,0,5,5,2,3,2,1,0,1
566,1,1,16,1,1,1,1,1,1,0,0,0,0,0,1,0,0,0,1,0,0,0,1,0,0,2,0,1,0,0,4,5,1,1,0,0,5,5,2,4,0,1,0,1
567,1,1,18,1,0,1,1,1,0,0,0,1,0,0,1,0,0,0,1,0,0,0,0,0,1,2,1,1,1,0,5,5,1,0,1,1,3,3,2,3,2,1,0,1
568,1,1,18,1,0,1,3,2,0,0,0,1,0,0,1,0,0,0,1,0,0,0,1,0,0,1,1,1,0,0,2,5,1,0,1,0,3,1,2,2,0,1,0,1
569,1,1,19,0,0,1,3,2,1,0,0,0,0,0,0,1,0,0,1,0,0,0,1,0,0,2,3,1,0,0,3,3,0,1,0,0,2,1,1,1,4,1,0,1
570,1,1,18,0,0,1,3,3,1,0,0,0,0,0,0,0,0,1,1,0,0,0,1,0,0,1,2,1,1,0,4,3,1,1,1,0,4,5,1,3,9,2,0,1
571,1,1,16,1,0,1,2,2,0,0,0,1,0,0,0,1,0,0,1,0,0,0,1,0,0,2,0,1,1,0,5,4,1,1,0,1,4,3,2,4,6,1,0,1
572,1,1,19,0,0,1,2,1,1,0,0,0,0,0,1,0,0,0,1,0,0,0,0,0,1,2,3,1,0,1,4,5,1,1,1,1,4,3,1,3,4,1,0,1
573,1,0,16,0,0,0,3,2,0,0,0,1,0,0,0,0,0,1,1,0,0,0,1,0,0,2,2,1,1,0,2,1,0,1,0,1,5,5,1,1,8,2,0,1
574,1,0,17,0,0,1,1,1,0,0,1,0,0,0,0,0,0,1,1,0,0,0,1,0,0,1,0,1,1,0,4,5,0,1,0,0,3,2,1,2,9,1,0,1
575,1,1,20,1,0,1,1,1,0,0,1,0,0,0,1,0,0,0,1,0,0,0,0,0,1,2,1,1,1,0,4,4,1,0,1,1,4,3,2,4,12,1,0,1
576,1,0,18,1,0,0,4,3,0,0,0,1,0,0,0,1,0,0,1,0,0,0,1,0,0,1,0,1,1,0,5,2,1,0,0,0,4,4,3,4,8,1,0,1
577,1,1,18,1,0,1,3,2,0,0,1,0,0,0,1,0,0,0,1,0,0,0,1,0,0,2,0,1,1,1,2,5,1,0,0,0,5,5,5,5,8,1,0,1
578,1,1,19,1,0,1,1,1,0,0,1,0,0,0,0,1,0,0,0,0,1,0,0,0,1,3,1,1,0,0,5,2,1,0,0,0,4,4,3,3,8,2,0,1
579,1,1,17,0,0,1,3,3,0,1,0,0,0,0,1,0,0,0,1,0,0,0,1,0,0,2,1,1,1,0,4,3,1,0,0,0,5,4,2,3,4,2,0,1
580,1,1,18,0,1,1,1,3,1,0,0,0,0,0,0,1,0,0,1,0,0,0,1,0,0,1,0,1,0,0,4,3,1,0,1,1,3,3,2,3,0,1,0,1
581,1,1,19,1,0,1,1,1,0,0,1,0,0,0,1,0,0,0,0,0,1,0,0,0,1,3,1,1,1,0,4,5,1,0,0,0,4,4,3,3,4,1,0,1
582,1,0,18,0,0,0,1,2,1,0,0,0,0,0,1,0,0,0,1,0,0,0,1,0,0,2,2,1,1,0,4,5,0,0,0,0,3,3,1,1,2,2,0,1
583,1,0,19,0,1,0,1,1,1,0,0,0,0,0,1,0,0,0,1,0,0,0,1,0,0,1,0,1,1,0,1,5,0,0,1,0,4,4,1,1,0,1,0,1
584,1,0,18,1,0,1,2,2,0,0,1,0,0,0,1,0,0,0,0,1,0,0,1,0,0,2,1,1,0,0,5,3,1,0,1,1,5,5,1,1,0,1,0,1
585,1,0,17,1,0,1,0,0,1,0,0,0,0,0,1,0,0,0,1,0,0,0,1,0,0,2,0,1,1,0,4,5,1,0,0,0,4,3,1,1,0,1,0,1
586,1,0,17,1,1,0,3,1,0,0,1,0,0,0,0,0,0,1,1,0,0,0,0,0,1,2,0,1,1,0,4,3,0,0,1,0,2,3,2,2,5,3,1,1
587,1,0,17,0,0,1,4,2,0,0,0,0,1,0,0,1,0,0,0,0,1,0,1,0,0,1,0,0,1,0,5,5,1,1,0,0,5,5,1,3,0,2,0,1
588,1,0,18,1,1,1,2,2,0,0,0,1,0,0,0,1,0,0,1,0,0,0,1,0,0,1,1,1,1,0,2,4,1,1,0,0,3,3,1,2,3,2,0,1
589,1,0,17,0,0,1,4,1,0,1,0,0,0,0,0,0,0,1,1,0,0,0,1,0,0,1,0,1,1,0,3,5,0,0,0,1,2,2,1,1,0,1,0,1
590,1,0,17,0,1,1,1,2,1,0,0,0,0,0,1,0,0,0,1,0,0,0,0,1,0,1,0,1,0,0,5,3,1,0,0,0,5,1,1,1,0,1,0,1
591,1,0,18,0,0,1,1,1,0,0,1,0,0,0,1,0,0,0,1,0,0,0,1,0,0,3,2,1,0,0,3,5,0,1,0,1,4,4,2,2,3,2,0,1
592,1,0,18,0,0,1,2,2,0,0,0,1,0,0,0,0,0,1,0,0,0,1,0,1,0,2,0,1,0,1,4,1,1,1,0,0,3,5,1,1,2,2,0,0
593,1,0,17,0,0,1,3,3,0,0,0,1,0,0,0,1,0,0,1,0,0,0,1,0,0,2,0,1,1,0,4,4,1,0,0,0,4,3,1,1,0,1,0,1
594,1,0,18,0,1,0,1,2,1,0,0,0,0,0,1,0,0,0,0,0,0,1,1,0,0,2,0,1,0,0,4,4,1,0,0,0,4,3,1,2,0,2,0,0
595,1,0,18,0,0,1,4,4,0,0,0,0,1,1,0,0,0,0,0,0,0,1,1,0,0,2,0,1,0,1,4,1,1,1,0,0,3,5,1,2,0,2,0,0
596,1,1,18,0,1,1,4,4,0,0,0,1,0,0,1,0,0,0,0,0,0,1,1,0,0,1,0,1,1,0,5,5,1,1,0,0,4,5,1,1,3,1,0,0
597,1,0,17,0,0,1,4,2,0,0,1,0,0,0,1,0,0,0,1,0,0,0,1,0,0,2,0,1,1,0,4,4,1,0,0,0,3,3,1,2,0,2,0,0
598,1,0,18,1,0,1,2,2,1,0,0,0,0,0,1,0,0,0,1,0,0,0,1,0,0,3,1,1,0,0,4,4,0,1,0,1,3,3,1,1,0,2,0,1
599,1,1,18,0,1,1,1,2,1,0,0,0,0,0,0,1,0,0,0,0,1,0,1,0,0,2,0,1,1,1,4,1,0,0,0,0,1,4,5,5,8,1,0,1
600,1,1,18,1,0,1,4,4,1,0,0,0,0,0,0,1,0,0,0,1,0,0,1,0,0,3,0,1,1,0,2,1,1,1,0,1,5,5,1,1,5,1,1,0
601,1,1,17,1,0,1,1,1,0,0,1,0,0,0,0,1,0,0,0,1,0,0,0,1,0,3,0,1,0,1,4,4,0,0,1,0,2,3,3,4,4,1,0,0
602,1,0,18,0,0,1,2,2,0,0,1,0,0,0,1,0,0,0,1,0,0,0,1,0,0,2,0,1,1,1,1,2,1,0,0,1,3,1,1,1,4,2,0,1
603,1,0,18,0,1,1,2,2,0,0,0,1,0,0,0,1,0,0,1,0,0,0,0,1,0,2,0,1,0,0,5,3,1,0,0,1,4,5,1,4,0,3,0,1
604,1,0,18,1,1,0,4,2,0,0,0,0,1,0,1,0,0,0,0,0,0,1,1,0,0,1,0,1,0,0,5,5,1,1,0,1,3,1,1,1,0,2,0,1
605,1,0,18,0,0,1,1,1,1,0,0,0,0,0,0,1,0,0,1,0,0,0,1,0,0,3,1,1,0,0,4,2,0,0,1,0,4,2,1,2,2,2,0,1
606,1,0,19,0,0,1,1,1,1,0,0,0,0,0,0,1,0,0,0,1,0,0,0,1,0,2,1,1,0,0,5,2,0,0,1,0,5,5,2,3,0,1,0,1
607,1,0,17,0,0,1,4,2,0,0,0,0,1,0,1,0,0,0,1,0,0,0,0,1,0,2,0,1,0,0,4,5,1,0,0,1,2,3,3,1,0,4,0,0
608,1,0,17,1,1,0,2,1,0,0,0,1,0,0,1,0,0,0,0,0,0,1,1,0,0,2,0,1,0,0,5,2,1,1,0,1,3,3,1,2,5,2,0,1
609,1,0,18,0,1,0,1,1,1,0,0,0,0,0,0,1,0,0,1,0,0,0,1,0,0,1,0,1,0,0,5,3,0,0,0,1,2,3,1,2,2,2,0,1
610,1,0,18,0,0,1,1,2,1,0,0,0,0,0,0,0,0,1,1,0,0,0,0,1,0,2,0,1,1,0,4,4,0,0,1,0,1,1,1,1,0,2,0,1
611,1,0,19,1,0,0,1,1,1,0,0,0,0,0,0,0,0,1,1,0,0,0,0,0,1,2,3,1,1,0,3,1,0,1,1,1,5,4,1,4,0,2,0,1
612,1,0,18,1,0,1,2,2,0,0,0,1,0,0,1,0,0,0,0,0,1,0,1,0,0,2,0,1,0,0,4,4,1,0,0,1,2,1,1,1,5,3,0,0
613,1,1,17,1,0,1,4,3,0,0,0,1,0,0,1,0,0,0,0,0,1,0,1,0,0,2,1,1,1,1,4,2,1,1,0,1,5,5,1,3,4,2,1,1
614,1,0,18,0,0,1,3,3,0,0,0,1,0,0,0,1,0,0,1,0,0,0,0,1,0,1,0,1,1,0,5,5,0,0,0,1,3,4,1,1,0,2,0,1
615,1,0,17,1,0,1,4,4,0,0,0,0,1,0,0,1,0,0,0,1,0,0,0,1,0,2,0,1,1,0,4,5,1,1,0,0,3,3,1,2,2,2,1,1
616,1,0,17,0,1,0,3,2,0,0,0,1,0,0,1,0,0,0,0,0,0,1,1,0,0,2,0,1,0,0,1,5,0,0,0,1,2,3,1,2,0,2,0,0
617,1,1,18,0,1,1,1,1,0,0,1,0,0,0,0,1,0,0,0,0,1,0,0,1,0,2,0,1,0,1,3,3,1,0,0,1,3,2,1,2,2,1,0,0
618,1,0,18,0,1,1,1,1,1,0,0,0,0,0,0,1,0,0,1,0,0,0,0,1,0,2,0,1,0,0,5,4,1,0,0,0,3,2,1,1,0,3,0,0
619,1,0,18,1,1,0,1,2,1,0,0,0,0,0,1,0,0,0,1,0,0,0,1,0,0,3,0,1,0,0,4,5,0,0,0,1,3,4,1,4,0,2,0,0
620,1,0,18,0,0,1,3,3,0,0,0,1,0,0,0,1,0,0,0,1,0,0,1,0,0,2,0,1,1,0,4,3,1,0,0,1,3,2,1,3,6,2,0,1
621,1,0,17,0,1,1,4,4,1,0,0,0,0,0,0,0,0,1,1,0,0,0,1,0,0,1,0,1,1,0,2,1,1,1,0,1,3,4,1,1,4,2,0,0
622,1,0,17,1,0,1,1,2,0,0,1,0,0,0,0,1,0,0,1,0,0,0,0,1,0,2,0,1,0,1,3,3,0,0,0,0,2,2,1,2,0,2,0,1
623,1,1,18,1,0,1,1,3,1,0,0,0,0,0,1,0,0,0,1,0,0,0,1,0,0,2,0,1,1,0,3,3,0,0,0,0,3,4,2,4,0,2,1,1
624,1,1,18,0,1,1,4,4,0,0,0,0,1,0,0,1,0,0,0,1,0,0,1,0,0,2,0,1,0,0,4,5,1,0,0,1,2,2,2,2,0,3,0,0
625,1,0,17,1,0,1,1,1,0,0,1,0,0,0,0,1,0,0,0,0,0,1,1,0,0,3,1,1,1,0,5,1,1,0,0,1,2,1,1,2,0,1,0,1
626,1,0,18,0,0,1,2,3,1,0,0,0,0,0,0,1,0,0,1,0,0,0,0,1,0,2,0,1,1,0,5,4,1,0,0,1,2,3,1,2,0,1,0,1
627,1,0,18,1,0,1,4,4,0,0,1,0,0,1,0,0,0,0,0,1,0,0,0,1,0,3,0,1,1,1,3,5,1,0,0,1,2,2,4,2,0,2,0,1
628,1,1,18,1,1,1,1,2,1,0,0,0,0,0,0,1,0,0,0,1,0,0,0,1,0,3,0,1,1,0,4,3,1,1,1,1,3,3,2,3,3,1,0,1
629,1,0,17,0,0,1,2,2,0,0,1,0,0,0,0,0,0,1,0,0,1,0,1,0,0,1,0,1,0,0,3,3,0,1,0,1,4,3,1,1,8,3,0,1
630,1,0,17,1,0,1,1,2,0,0,1,0,0,0,1,0,0,0,1,0,0,0,1,0,0,1,0,1,0,0,3,1,1,1,0,0,5,5,1,3,4,1,0,1
631,1,0,18,1,1,1,4,4,0,0,1,0,0,0,1,0,0,0,0,0,0,1,1,0,0,2,0,1,0,0,5,1,1,0,0,0,4,4,1,1,0,3,0,0
632,1,0,18,1,0,1,1,1,0,0,1,0,0,0,1,0,0,0,0,0,1,0,1,0,0,4,0,1,0,0,4,4,1,0,0,0,3,2,1,2,4,3,0,1
633,1,0,19,1,0,1,1,1,1,0,0,0,0,0,1,0,0,0,1,0,0,0,0,0,1,2,1,1,1,0,4,3,1,0,0,1,3,3,1,1,4,2,0,1
634,1,0,18,1,1,1,4,4,0,0,0,0,1,0,0,1,0,0,1,0,0,0,1,0,0,1,0,1,0,0,5,2,1,1,0,0,4,3,3,4,1,2,0,0
635,1,0,18,0,0,1,3,3,0,0,1,0,0,0,1,0,0,0,0,0,1,0,1,0,0,1,0,1,0,0,4,1,1,0,0,1,1,3,1,2,1,2,0,0
636,1,0,17,1,0,1,3,1,1,0,0,0,0,0,1,0,0,0,0,0,0,1,1,0,0,1,0,1,1,1,4,1,1,1,0,0,5,4,2,3,10,2,0,1
637,1,1,18,0,0,1,4,4,0,0,0,0,1,1,0,0,0,0,0,0,1,0,0,1,0,1,0,1,0,1,3,2,1,1,0,0,2,4,1,4,4,2,0,0
638,1,1,18,1,0,1,2,1,0,0,1,0,0,0,1,0,0,0,0,1,0,0,1,0,0,2,0,1,0,1,4,5,1,1,0,1,4,3,1,3,0,1,0,1
639,1,1,17,0,0,1,2,3,0,0,1,0,0,0,0,1,0,0,0,0,1,0,0,1,0,2,0,1,0,0,4,3,1,1,0,0,4,3,1,1,4,2,0,0
640,1,1,19,1,0,1,1,1,0,0,1,0,0,0,0,1,0,0,0,1,0,0,1,0,0,2,1,1,0,0,4,5,0,0,0,0,3,2,1,3,0,1,0,1
641,1,1,18,1,0,1,4,2,0,0,1,0,0,0,1,0,0,0,0,0,1,0,0,1,0,2,1,1,0,0,5,3,0,0,0,0,4,3,4,3,0,1,1,1
642,1,0,18,1,0,1,2,2,1,0,0,0,0,0,1,0,0,0,0,1,0,0,1,0,0,2,0,1,0,0,5,4,0,0,0,0,3,3,1,3,0,3,0,0
643,1,0,17,0,0,1,4,3,0,0,0,0,1,0,1,0,0,0,0,1,0,0,1,0,0,2,0,1,0,0,5,1,1,0,0,0,5,4,1,1,0,2,0,1
644,1,0,18,1,0,1,4,4,0,0,0,0,1,0,0,0,0,1,0,0,0,1,1,0,0,3,0,1,1,0,4,5,1,1,0,1,4,3,2,2,4,1,0,1
645,1,0,19,1,0,1,2,3,0,0,0,1,0,0,1,0,0,0,1,0,0,0,1,0,0,1,1,1,0,1,5,5,1,1,0,0,4,2,1,2,4,3,0,1
646,1,0,18,0,1,1,3,1,0,0,0,0,1,0,0,1,0,0,1,0,0,0,1,0,0,1,0,1,1,0,4,1,1,0,0,0,3,4,1,1,4,2,0,0
647,1,0,18,0,0,1,1,1,0,0,1,0,0,0,1,0,0,0,1,0,0,0,1,0,0,2,0,1,0,0,1,5,0,1,0,0,1,1,1,1,6,2,0,1
648,1,1,17,0,1,1,3,1,0,0,0,1,0,0,0,1,0,0,1,0,0,0,1,0,0,2,0,1,0,1,2,2,1,0,0,0,4,5,3,4,6,1,0,1
649,1,1,18,1,1,1,3,2,0,0,0,1,0,0,1,0,0,0,1,0,0,0,1,0,0,3,0,1,0,1,4,5,1,0,0,0,4,1,3,4,4,1,0,1
